FID,ObjectID,SCHOOL,ADDRESS,ZIP,FULLNAME,UpdateDate,NOTES,NOTES2,allGPIN,SrcNOTES,ELEC_DIST,STUDY_AREA,ACADEMY,YR_BUILT,ORIG_YRBUI,CONSTR,CONS_DATE,SF_BLDG,PORT_DATE,SHELTER,OpenDate,ModRepl,AddlParkin,Additions,LEED,ReRoof,HVAC,PLN_AREA,EducAF,TCI,FCI,FCIApprais,EnergyStar,PAR_GPIN,XGPS,YGPS,Shape_Leng,ST_NUM,ST_NAME,ST_TYPE,ST_DIR,ST_SUITE,AREA_DOC,GPIN_NUM,LU_STNUM,LU_STDIR,LU_ZIP1,LU_ZONE1,LU_ZONE2,LU_ZONE3,LU_DB,LU_DBPG,LU_MB,LU_MBPG,DISTRICT,BEDROOMS,FFE_FT,schTYPE,SP_CODE,PolicePrec,DISTRICT_1,SCH_ID,PAR_GPIN_1,SiteSF,SiteAcre,AREA_CALC,LU_STNAME,LU_STTYPE,LU_APT_NUM,LU_ZIP_EXT,CENSUS_TRA,LU_BLOCK_G,LU_COMPLEX,LU_NBOR_SU,LU_SUB_DIV,L_LEGAL_DE,L_APP_VALU,L_APP_IMPR,L_APP_MRKT,L_CRNT_OWN,L_MAIL_ADR,L_MAIL_CIT,L_MAIL_STA,L_MAIL_ZIP,L_PROP_CLA,L_DEED_INS,L_PLAT_INS,YEAR_BUILT,TOTAL_ROOM,STRUCTURE_,MASTER_GPI,TOTAL_ASSE,StudNUM,CapacNUM,Cap_OvUn_1,Cap_PerO_1,Capacity_1,Portable_1,DataDate_1,Shape__Area,Shape__Length
1,32,INDEPENDENCE MS,1370 Dunstan Lane,23455,INDEPENDENCE MIDDLE SCHOOL,8/18/2021, , ,14787819550000, ,District 9,NW, ,1974, , , ,137656,2021-2022, ,1974, , ,1996/14, ,1997,"1995, 2013",Bayside,1.270,0.776,0.611,Yes, ,14787819550000,12177091.235,3488970.5782,4580.27700163374,1370,DUNSTAN,LN, ,0,1078271.118,14787819550000,1370, ,23455,R30, , ,1329,279,095,0032,40, ,21.5,MS,MIN,2,40,0740,14787819550000,1078265.84462,24.7535777002,1078265.84462,DUNSTAN,LN, ,4965,041400,0414003,0,INDEPENDENCE, ,BAYSIDE 24.955 ACS,2970400,12566100,2970400,INDEPENDENCE JUNIOR HIGH SCHOOL,1370 DUNSTAN LN,VIRGINIA BEACH,VA,23455-4965,706,000000000000000,000000000000000,1975, ,48,14787819550000,15536500,1169,1179,-10,-0.00848176420696,At Capacity,0,2022/11/10 00:00:00+00,1078265.9609375,4580.27771166703
2,11,CENTERVILLE ES,2201 Centerville Turnpike,23464,CENTERVILLE ELEMENTARY SCHOOL,8/18/2021, , ,14549755950000, ,District 7,SW, ,1984, , , ,67082,2021-2022, ,1984, , , , ,2003,2003/2017,Kempsville,1.276,0.619,0.485,Yes, ,14549755950000,12159564.005,3447440.8228,3252.25611831943,2201,CENTERVILLE,TPKE, ,0,657497.107,14549755950000,2201, ,23464,R5D, , ,2091,494,145,0043,10, ,16.17,ES,ECV,3,10,0040,14549755950000,657492.283542,15.0939459032,657492.283542,CENTERVILLE,TPKE, , ,046219,0462191,0,INDIAN RIVER, ,CENTERVILLE TURNPIKE PAR S 14.734 ACS,1811300,6040800,1811300,SCHOOL BOARD CITY OF VIRGINIA ETC,2201 CENTERVILLE TPKE,VIRGINIA BEACH,VA,23464-6847,706,000000000000000,000000000000000,1984, ,55,14549755950000,7852100,616,572,44,0.0769230769231,At Capacity,5,2022/11/10 00:00:00+00,657492.390625,3252.25602248024
3,97,PRINCESS ANNE MS,2509 Seaboard Road,23456,PRINCESS ANNE MIDDLE SCHOOL,8/18/2021, , ,24045115140000, ,District 2,SE, ,2021,1974,CIP 1-056 Replacement,Project Start FY 15/16. Move-In FY 18/19,257784,2021-2022, ,1974,2021, ,1995/17,Under Construction,1999/2000,1995,Courthouse / Sandbridge,1.000,0.000,0.000,Yes, ,24045115140000,12205054.287,3441523.6582,4333.28621754298,2509,SEABOARD,RD, ,0,1064191.773,24045115140000,2536, ,23456,B2, , ,1305,309,093,0052,70, ,10,MS,MPA,1,70,0750,24045115140000,1064187.23061,24.4303771949,1064187.23061,LEROY,RD, , ,045424,0454241, ,GENERAL BOOTH, ,DOZIERS BRIDGE 25.049 AC,2814500,27235100,2814500,PRINCESS ANNE JR HIGH SCHOOL,2509 SEABOARD RD,VIRGINIA BEACH,VA,23456-3501,706,000000000000000,000000000000000,1975, ,55,24045115140000,30049600,1395,1315,80,0.0608365019011,At Capacity,0,2022/11/10 00:00:00+00,1064187.34375,4333.28629574602
4,66,PRINCESS ANNE ES,2444 Seaboard Road,23456,PRINCESS ANNE ELEMENTARY SCHOOL,8/18/2021, , ,24045297280000, ,District 2,SE, ,1956, , , ,77953,2021-2022, ,1956, ,1996,"1996/20, 1990/GYM", ,2000,GYM/2005,Courthouse / Sandbridge,1.490,1.050,0.705,Yes,2012,24045297280000,12205855.324,3442737.0548,3139.86464190324,2444,SEABOARD,RD, ,0,551013.876,24045297280000,2444, ,23456,R20, , ,390,243,037,0060,70, ,11.4,ES,EPA,1,70,0340,24045297280000,553369.135663,12.7036073385,553369.135663,SEABOARD,RD, , ,045424,0454242,0,GENERAL BOOTH, ,DOZIERS BRIDGE 13.196 AC,3101500,6245700,3101500,PRINCESS ANNE ELEMENTARY,2444 SEABOARD RD,VIRGINIA BEACH,VA,23456-3532,706,000000000000000,000000000000000,1956, ,55,24045297280000,9347200,675,703,-28,-0.0398293029872,At Capacity,0,2022/11/10 00:00:00+00,553369.33984375,3139.86536412446
5,62,PEMBROKE MEADOWS ES,820 Cathedral Drive,23455,PEMBROKE MEADOWS ELEMENTARY SCHOOL,8/18/2021, , ,14786362900000, ,District 8,NW, ,2006,1969,Modernization, ,75926,2021-2022, ,1969,2006, , , ,1993, ,Bayside,1.000,0.360,0.360,No, ,14786362900000,12176738.572,3483282.3089,3078.00985015067,820,CATHEDRAL,DR, ,0,636188.478,14786362900000,820, ,23455,P1, , ,1012,509,099,0003,40, ,18.68,ES,EPM,2,40,0660,14786362900000,636185.498911,14.6048094332,636185.498911,CATHEDRAL,DR, , ,041600,0416004,0,INDEPENDENCE, ,PEMBROKE MEADOWS 14.6 AC,1752600,13034500,1752600,CITY OF VIRGINIA BEACH SCHOOL ETC,820 CATHEDRAL DR,VIRGINIA BEACH,VA,23455-6209,706,000000000000000,000000000000000,2006, ,55,14786362900000,14787100,489,531,-42,-0.0790960451977,At Capacity,0,2022/11/10 00:00:00+00,636185.484375,3078.00988898112
6,61,PEMBROKE ES,4622 Jericho Road,23462,PEMBROKE ELEMENTARY SCHOOL,8/18/2021,& PARTIAL GPIN 14783073120000, ,14784043300000 & PARTIAL GPIN 14783073120000, ,District 4,NW, ,2004,1962,Modernization, ,108773,2021-2022, ,1962,2004,1991,"1968/6, 1988/SPEC ED CENTER", ,1998,1988,Bayside,1.000,0.322,0.322,No, ,14784043300000,12174420.019,3480327.3726,3246.39399086906,4622,JERICHO,RD, ,0,572877.245,14784043300000,4622, ,23462,R7.5, , ,729,195,055,0054,40, ,18.2,ES,EPB,2,40,0490,14784043300000,572874.139202,13.1513806061,572874.139202,JERICHO,RD, , ,041003,0410032,0,INDEPENDENCE, ,BAYSIDE 13.239 ACRES,1578200,9101200,1578200,PEMBROKE ELEMENTARY,4622 JERICHO RD,VIRGINIA BEACH,VA,23462-2225,706,000000000000000,000000000000000,1962, ,55,14784043300000,10679400,539,623,-84,-0.134831460674,Under Capacity,0,2022/11/10 00:00:00+00,572874.14453125,3246.39388681451
7,20,CREEDS ES,920 Princess Anne Road,23457,CREEDS ELEMENTARY SCHOOL,8/18/2021, , ,24005047420000, ,District 2,SE, ,2001,1939,Modernization, ,69285,2021-2022, ,1939,2001,2001, , , , ,Pungo / Blackwater,1.000,0.369,0.369,No, ,24005047420000,12205485.131,3400716.991,2939.15571870926,920,PRINCESS ANNE,RD, ,0,546249.525,24005047420000,912, ,23457,AG2, , ,195,269,011,0057,70, ,13.15,ES,ECR,1,70,0230,24005047420000,538660.036191,12.3659328786,538660.036191,PRINCESS ANNE,RD, , ,046400,0464003, ,SOUTH PRINCESS ANNE,PUNGO,CREEDS 12.84 AC,752400,5210700,752400,CREEDS ELEMENTARY SCHOOL, , ,VA,-,706,000000000000000,000000000000000, , , ,24005047420000,5963100,313,387,-74,-0.191214470284,Under Capacity,0,2022/11/10 00:00:00+00,538660.03125,2939.15549456659
8,52,MALIBU ES,3632 Edinburgh Drive,23452,MALIBU ELEMENTARY SCHOOL,8/18/2021, , ,14875668020000, ,District 8,NW, ,2003,1962,Modernization, ,73182,2021-2022, ,1962,2003,1993,"1968/6, 1989/GYM", ,1995,1988,Little Neck,1.000,0.365,0.365,No, ,14875668020000,12185583.324,3476794.7501,3060.06818672351,3632,EDINBURGH,DR, ,0,514249.535,14875668020000,3632, ,23452,R7.5, , ,663,510,051,0040,50, ,16.5,ES,EMB,2,50,0500,14875668020000,514246.77756,11.8054815785,514246.77756,EDINBURGH,DR, , ,042400,0424004,0,VA BEACH BLVD,MALIBU,MALIBU SEC 5 11.8 AC,1416700,7414100,1416700,MALIBU ELEMENTARY SCHOOL,3632 EDINBURGH DR,VIRGINIA BEACH,VA,23452-3617,706,000000000000000,000000000000000,1962, ,55,14875668020000,8830800,403,456,-53,-0.116228070175,Under Capacity,0,2022/11/10 00:00:00+00,514246.8125,3060.06799528813
9,65,POINT OVIEW ES,5400 Parliament Drive,23462,POINT OVIEW ELEMENTARY SCHOOL,8/18/2021, , ,14674364860000, ,District 1,SW, ,1969, , , ,75219,2021-2022, ,1969, ,1999,1999/14, ,1995,"1995, KIT/2004, LIB/OFFICE 2020",Kempsville,1.085,0.726,0.669,Yes,2012,14674364860000,12164656.413,3473380.566,3348.1120966543,5400,PARLIAMENT,DR, ,0,626775.137,14674364860000,5400, ,23462,R10, , ,802,13,059,0022,20, ,16.9,ES,EPO,3,20,0680,14674364860000,627517.379634,14.405816796,627517.379634,PARLIAMENT,DR, , ,046009,0460091,0,PRINCESS ANNE, ,KEMPSVILLE 15 AC,1726700,7200000,1726700,POINT O VIEW ELEMENTARY,5400 PARLIAMENT DR,VIRGINIA BEACH,VA,23462-3430,706,000000000000000,000000000000000,1969, ,55,14674364860000,8926700,719,653,66,0.101071975498,Over Capacity,5,2022/11/10 00:00:00+00,627517.265625,3348.11192676235
10,57,OCEAN LAKES HS,885 Schumann Drive,23454,OCEAN LAKES HIGH SCHOOL,8/18/2021, , ,24250052430000, ,District 5,SE, ,1994, ,New, ,330525,2021-2022, ,1994, , ,2006/12, , ,2014,Courthouse / Sandbridge,1.000,0.419,0.419,Some, ,24250052430000,12220450.277,3450123.8482,6255.07412430639,885,SCHUMANN,DR, ,0,2161340.869,24250052430000,885, ,23454,R5D, , ,4372,295,0,0,70, ,8,HS,HOL,1,70,0960,24250052430000,2161349.68078,49.6177612667,2161349.68078,SCHUMANN,DR, ,6878,045427,0454271,0,GENERAL BOOTH, ,OCEAN LAKES PHASE 3 PARCEL OL-1 49.6177 ACS,6074200,44297000,6074200,SCHOOL BOARD CITY OF VIRGINIA ETC,2512 GEORGE MASON DR,VIRGINIA BEACH,VA,23456-9105,706,000000000000000,200207193004325,1994, ,65,24250052430000,50371200,1843,2375,-532,-0.224,Under Capacity,0,2022/11/10 00:00:00+00,2161349.8671875,6255.07385945242
11,43,LANDSTOWN HS,2001 Concert Drive,23456,LANDSTOWN HIGH SCHOOL,8/18/2021, , ,14855225160000, ,District 10,SE,Technology,2001, ,New, ,308924,2021-2022,Tier 1,2001, , ,2006/20, , , ,Courthouse / Sandbridge,1.000,0.275,0.275,No, ,14855225160000,12185252.792,3452418.8559,7858.86896870196,2001,CONCERT,DR, ,0,2840600.886,14855225160000,2005, ,23456,R5D, , ,4372,302,275,0055,10, ,12,HS,HLN,1,10,1030,14855225160000,2838152.12401,65.1550074383,2838152.12401,CONCERT,DR, , ,046015,0460151,0,PRINCESS ANNE, ,PRINCESS ANNE PARK PARCEL 1 65.147 AC,6796300,52091100,6796300,SCHOOL BOARD CITY OF VIRGINIA ETC,2512 GEORGE MASON DR,VIRGINIA BEACH,VA,23456-9105,706,000000000000000,000000000000000,2001, ,65,14855225160000,58887400,2212,2373,-161,-0.0678466076696,At Capacity,0,2022/11/10 00:00:00+00,2838152.390625,7858.86877637451
12,30,HERMITAGE ES,1701 Pleasure House Road,23455,HERMITAGE ELEMENTARY SCHOOL,8/18/2021, , ,14792498200000, ,District 9,NE, ,2005,1964,Replacement, ,94018,2021-2022, ,1964,2005, , ,Certified, , ,Bayfront,1.000,0.243,0.243,No, ,14792498200000,12172811.841,3494824.1591,3767.23374620591,1701,PLEASURE HOUSE,RD, ,0,765738.889,14792498200000,1701, ,23455,R15, , ,715,517,0,0,40, ,22.1,ES,EHM,2,40,0540,14792498200000,765735.314912,17.5788639787,765735.314912,PLEASURE HOUSE,RD, , ,041400,0414002,0,INDEPENDENCE, ,BAYSIDE 18.480 ACS,2217600,14330300,2217600,HERMITAGE ELEMENTARY SCHOOL,1701 PLEASURE HOUSE RD,VIRGINIA BEACH,VA,23455-4020,706,000000000000000,000000000000000,2005, ,55,14792498200000,16547900,502,603,-101,-0.167495854063,Under Capacity,0,2022/11/10 00:00:00+00,765735.21484375,3767.23410283481
13,33,INDIAN LAKES ES,1240 Homestead Drive,23464,INDIAN LAKES ELEMENTARY SCHOOL,8/18/2021, , ,14752816610000, ,District 1,SW, ,1979, , , ,66816,2021-2022, ,1979, , , , ,2001,2001/2017,Kempsville,1.254,0.692,0.552,Yes, ,14752816610000,12172253.267,3458597.9717,4051.77971249962,1240,HOMESTEAD,DR, ,0,701625.977,14752816610000,1240, ,23464,PDH1, , ,1453,69,107,0020,20, ,16,ES,EIL,3,20,0800,14752816610000,701621.317725,16.1070091305,701621.317725,HOMESTEAD,DR, , ,046212,0462121,0,INDIAN RIVER,INDIAN LAKES,GT BRIDGE 16.067 AC,1928000,5218600,1928000,INDIAN LAKES ELEMENTARY SCHOOL, , ,VA,-,706,000000000000000,000000000000000,1979, ,55,14752816610000,7146600,532,586,-54,-0.0921501706485,At Capacity,1,2022/11/10 00:00:00+00,701621.4375,4051.77961525009
14,2,ALANTON ES,1441 Stephens Road,23454,ALANTON ELEMENTARY SCHOOL,8/18/2021, , ,24094073730000, ,District 6,NE, ,1966, , , ,74049,2021-2022, ,1966, ,1995,1995/13, ,1996,1987,Great Neck,1.085,0.640,0.590,Yes,2012,24094073730000,12204750.031,3490363.6508,3142.92558763422,1441,STEPHENS,RD, ,0,601715.234,24094073730000,1441, ,23454,R20, , ,890,16,065,0008,50, ,30,ES,EAL,4,50,0590,24094073730000,601712.65832,13.8134219082,601712.65832,STEPHENS,RD, , ,044600,0446001,0,FIRST COLONIAL RD,BAYCLIFF,GREAT NECK 13.805 AC,1657600,6325600,1657600,ALANTON ELEMENTARY,1441 STEPHENS RD,VIRGINIA BEACH,VA,23454-1528,706,000000000000000,000000000000000,1966, ,55,24094073730000,7983200,628,653,-25,-0.0382848392037,At Capacity,0,2022/11/10 00:00:00+00,601712.75390625,3142.9263199976
15,60,PARKWAY ES,4180 O'Hare Drive,23453,PARKWAY ELEMENTARY SCHOOL,8/18/2021, , ,14758886130000, ,District 10,SW, ,1987, , , ,67840,2021-2022, ,1987, , , , ,2001,"2008, 2017",Holland,1.178,0.556,0.472,Yes, ,14758886130000,12178765.399,3458592.8955,3317.94684817864,4180,O HARE,DR, ,0,652378.511,14758886130000,4180, ,23453,PDH1, , ,1738,440,120,0039,30, ,14.5,ES,EPK,3,30,0820,14758886130000,652374.275984,14.9764526167,652374.275984,O HARE,DR, , ,046012,0460122,0,PRINCESS ANNE, ,W W WALKER PROP PAR ES-1 15.00 ACS,1797200,5930300,1797200,SCHOOL BOARD CITY OF VIRGINIA ETC, , ,VA,-,706,000000000000000,000000000000000,1988, ,55,14758886130000,7727500,462,505,-43,-0.0851485148515,At Capacity,1,2022/11/10 00:00:00+00,652374.37890625,3317.94731704482
16,91,WHITE OAKS ES,960 Windsor Oaks Blvd.,23462,WHITE OAKS ELEMENTARY SCHOOL,8/18/2021, , ,14768087800000, ,District 10,SW, ,1978, , , ,77333,2021-2022, ,1978, , , , ,2003,2003/2017,Holland,1.278,0.755,0.591,Yes, ,14768087800000,12178905.778,3460857.9452,3256.91012727807,960,WINDSOR OAKS,BLVD, ,0,692437.538,14768087800000,960, ,23462,PDH1, , ,1580,560,1580,0562,30, ,16.83,ES,EWH,3,30,0020,14768087800000,692433.126935,15.8960772942,692433.126935,WINDSOR OAKS,BLVD, , ,046012,0460122,0,PRINCESS ANNE, ,HOLLAND PAR 21002 15.690 ACS,1907500,5748300,1907500,WHITE OAKS ELEMENTARY SCHOOL, , ,VA,-,706,000000000000000,000000000000000,1979, ,55,14768087800000,7655800,674,653,21,0.0321592649311,At Capacity,1,2022/11/10 00:00:00+00,692433.13671875,3256.91009328259
17,18,CORPORATE LANDING MS,1597 Corporate Landing Parkway,23454,CORPORATE LANDING MIDDLE SCHOOL,8/18/2021, , ,24151548070000, ,District 5,SE, ,1997, ,New, ,235093,2021-2022,Tier 2,1997, , , , , , ,Courthouse / Sandbridge,1.000,0.301,0.301,No, ,24151548070000,12211404.015,3455811.1031,5651.34666705797,1597,CORPORATE LANDING,PKWY, ,0,1598593.79,24151548070000,1597, ,23454,AG1, , ,3170,112,261,0034,60, ,18.5,MS,MCL,1,60,0980,24151548070000,1598584.3091,36.6984460307,1598584.3091,CORPORATE LANDING,PKWY, , ,045408,0454083,0,GENERAL BOOTH, ,PAR RD1 CORP LANDING PARCEL RD2-A  36.6955 ACS BY PLAT,2201900,28322400,2201900,SCHOOL BOARD CITY OF VIRGINIA ETC, , ,VA,-,706,000000000000000,000000000000000,1997, ,55,24151548070000,30524300,1064,1199,-135,-0.11259382819,Under Capacity,0,2022/11/10 00:00:00+00,1598584.2734375,5651.34691186754
18,5,BAYSIDE ES,5649 Bayside Road,23455,BAYSIDE ELEMENTARY SCHOOL,8/18/2021, , ,14691347310000, ,District 9,NW, ,2000,1941,Replacement, ,77428,2021-2022, ,1941,2000, , , , , ,Bayside,1.000,0.285,0.285,No, ,14691347310000,12161334.376,3493728.1231,2759.62395142016,5649,BAYSIDE,RD, ,0,376530.761,14691347310000,5649, ,23455,R7.5, , ,124,363,103,0004,40, ,26.25,ES,EBY,2,40,0280,14691347310000,376528.885163,8.6439138008,376528.885163,BAYSIDE,RD, , ,040403,0404033,0,NORTHAMPTON, ,BAYSIDE 9.181 AC,1101700,11834700,1101700,BAYSIDE ELEMENTARY SCHOOL,5649 BAYSIDE RD,VIRGINIA BEACH,VA,23455-3410,706,000000000000000,000000000000000,2001, ,55,14691347310000,12936400,476,491,-15,-0.030549898167,At Capacity,0,2022/11/10 00:00:00+00,376528.8125,2759.62382175921
19,24,FIRST COLONIAL HS,1272 Mill Dam Road,23454,FIRST COLONIAL HIGH SCHOOL,8/18/2021, , ,24085770540000, ,District 6,NE,Legal Studies,1966, , , ,178266,2021-2022, ,1966, ,1994,"1968/15, 1996/10", ,1994,"1994, 2009/AUD, 2010",Great Neck,1.352,0.889,0.657,Yes,2012,24085770540000,12205733.747,3486971.2021,4490.44664483463,1272,MILL DAM,RD, ,0,1203377.704,24085770540000,1272, ,23454,R15, , ,946,340,2365,0882,50, ,28,HS,HFC,4,50,0610,24085770540000,1203372.44606,27.6256300747,1203372.44606,MILL DAM,RD, , ,044600,0446002,0,FIRST COLONIAL RD, ,GREAT NECK 27.59 AC,3435100,9794000,3435100,FIRST COLONIAL HIGH SCHOOL,1272 MILL DAM RD,VIRGINIA BEACH,VA,23454-2322,706,000000000000000,000000000000000,1966, ,45,24085770540000,13229100,1738,1631,107,0.065603923973,At Capacity,7,2022/11/10 00:00:00+00,1203372.6640625,4490.44697485628
20,51,LYNNHAVEN MS,1250 Bayne Drive,23454,LYNNHAVEN MIDDLE SCHOOL,8/18/2021, , ,24083570340000, ,District 8,NE, ,1974, , , ,140099,2021-2022, ,1974, , ,1995/17, ,"1992, 2007",2016,Great Neck,1.341,0.779,0.581,Yes,2012,24083570340000,12203684.516,3484993.1598,4276.99512436235,1250,BAYNE,DR, ,0,1085251.977,24083570340000,1250, ,23454,R10, , , , , , ,50, ,18.1,MS,MLY,4,50,0730,24083570340000,1009168.67759,23.1673250137,1009168.67759,BAYNE,DR, , ,044402,0444021, ,FIRST COLONIAL RD, ,OF PROP OF VIRGINA BEACH PARCEL I 23.16278 AC,3055600,6530300,3055600,SCHOOL BOARD OF THE CITY OF VIRGI,2401 COURTHOUSE DR,VIRGINIA BEACH,VA,23456-9120,706,20091216001428110,20071205001617270,1975, ,45,24083570340000,9585900,868,932,-64,-0.068669527897,At Capacity,6,2022/11/10 00:00:00+00,1009168.72265625,4276.99503697885
21,72,ROSEMONT ES,1257 Rosemont Road,23453,ROSEMONT ELEMENTARY SCHOOL,8/18/2021, , ,14855839590000, ,District 10,SW, ,1981, , , ,63667,2021-2022, ,1981, , , , ,2000,1997,Holland,1.164,0.746,0.641,Yes, ,14855839590000,12185320.481,3458936.5627,3382.75975416498,1257,ROSEMONT,RD,S,0,607339.022,14855839590000,1257,S,23453,PDH1, , ,1731,377,122,0041,10, ,15.67,ES,ERO,3,10,0810,14855839590000,607335.174255,13.9424971133,607335.174255,ROSEMONT,RD, , ,045810,0458101,0,LYNNHAVEN PKWY,GREEN RUN,GREEN RUN PUD PAR C2-ES 14.002 ACS,1673100,5249000,1673100,SCHOOL BOARD CITY OF VIRGINIA ETC,1257 ROSEMONT RD,VIRGINIA BEACH,VA,23453-2119,706,000000000000000,000000000000000,1981, ,55,14855839590000,6922100,430,473,-43,-0.0909090909091,At Capacity,0,2022/11/10 00:00:00+00,607335.23046875,3382.75996160105
22,21,DEY ES,1900 N. Great Neck Road,23454,JOHN B DEY ELEMENTARY SCHOOL,8/18/2021, ,GPIN 14995575050000,14995575050000, ,District 8,NE, ,2020,1956,Modernization, ,107210,2021-2022, ,1956,2020,"1995, 2011","1959/10, 1977/GYM, 1995/12",Silver (Pending),2002, ,Great Neck,1.000,0.110,0.110,Yes, ,14995575050000,12195829.547,3495610.1869,3043.3966451143,1900,GREAT NECK,RD,N,0,2499.776,14995575050000,1900,N,23454,R40, , , , , , ,50, ,19.5,ES,EDY,4,50,0360,14995575050000,514317.652286,11.8071086383,514317.652286,GREAT NECK,RD, , ,043002,0430022,0,GREAT NECK RD,GREEN HILL FARM,GREAT NECK PARCEL A 11.831 AC,1408100,15023700,1408100,DEY ELEMENTARY SCHOOL,1900 N GREAT NECK RD,VIRGINIA BEACH,VA,23454-1112,706,20121024001234890,20121024001234890,1956, ,55,14995575050000,16431800,772,788,-16,-0.0203045685279,At Capacity,0,2022/11/10 00:00:00+00,514317.8359375,3043.39666397429
23,27,GREAT NECK MS,1848 N. Great Neck Road,23454,GREAT NECK MIDDLE SCHOOL,8/18/2021, , ,14996565000000,"Original Bldg 126,034  New Bldg 219,370",District 8,NE, ,2011,1961,CIP 1-019 Replacement,"Const Start Spring 2009, Move-In FY 11/12",219370,2021-2022,Tier 2,1961,2011, , ,Gold, , ,Great Neck,1.000,0.214,0.214,No, ,14996565000000,12196587.406,3495422.1488,4376.92672625645,1848,GREAT NECK,RD,N,0,1088865.225,14996565000000,1848,N,23454,R40, , ,642,472,050,0022,50, ,18.5,MS,MGN,4,50,0430,14996565000000,1088860.74619,24.9968031723,1088860.74619,GREAT NECK,RD, , ,043002,0430022,0,GREAT NECK RD,GREEN HILL FARM,LONG CREEK 25 AC,2999600,37570000,2999600,COX HIGH SCHOOL,1848 N GREAT NECK RD,VIRGINIA BEACH,VA,23454-1111,706,000000000000000,000000000000000,1961, ,45,14996565000000,40569600,1052,1178,-126,-0.106960950764,Under Capacity,0,2022/11/10 00:00:00+00,1088860.78515625,4376.92655305918
24,81,SHELTON PARK ES,1700 Shelton Road,23455,SHELTON PARK ELEMENTARY SCHOOL,8/18/2021, , ,14790570390000, ,District 9,NW, ,2001,1954,Modernization, ,81576,2021-2022, ,1954,2001,"1993, 2001","1961/11, 1977/GYM", ,2005,"2010/GYM, 2020",Bayside,1.000,0.345,0.345,No,2012,14790570390000,12170683.206,3495120.8496,2943.83339442117,1700,SHELTON,RD, ,0,520951.091,14790570390000,1700, ,23455,R10, , ,336,569,031,0010,40, ,21.6,ES,ESP,2,40,0300,14790570390000,520948.642674,11.9593352313,520948.642674,SHELTON,RD, , ,041200,0412001,0,INDEPENDENCE,LAKE SHORES,SHELTON PARK 12AC,1435100,6350300,1435100,SHELTON PARK GRADE SCHOOL,1700 SHELTON RD,VIRGINIA BEACH,VA,23455-3219,706,000000000000000,000000000000000,1977, ,55,14790570390000,7785400,424,468,-44,-0.0940170940171,At Capacity,0,2022/11/10 00:00:00+00,520948.50390625,2943.83357137101
25,94,WINDSOR WOODS ES,233 Presidential Blvd.,23452,WINDSOR WOODS ELEMENTARY SCHOOL,8/18/2021, , ,14874141150000, ,District 3,NW, ,2007,1966,Replacement,Move-In 2007,84265,2021-2022, ,1966,2007, , , , , ,Holland,1.000,0.234,0.234,No, ,14874141150000,12184422.282,3471141.2556,3664.10210001939,233,PRESIDENTIAL,BLVD, ,0,703647.852,14874141150000,233, ,23452,R7.5, , ,872,456,062,0028,30, ,13.5,ES,EWW,3,30,0560,14874141150000,703643.845096,16.1534399701,703643.845096,PRESIDENTIAL,BLVD, , ,045801,0458011, ,HOLLAND,WINDSOR WOODS,WINDSOR WOODS 15 AC,1938400,14265100,1938400,WINDSOR WOODS ELEMENTARY,233 PRESIDENTIAL BLVD,VIRGINIA BEACH,VA,23452-3311,706,000000000000000,000000000000000,1966, ,55,14874141150000,16203500,454,476,-22,-0.046218487395,At Capacity,0,2022/11/10 00:00:00+00,703643.84765625,3664.10231924059
26,93,WINDSOR OAKS ES,3800 Van Buren Drive,23452,WINDSOR OAKS ELEMENTARY SCHOOL,8/18/2021, , ,14864840220000, ,District 3,SW, ,2009,1970,Replacement,"Const Start FY 07/08, Move-In Sept. 2009",88340,2021-2022, ,1970,2009, , ,Silver, , ,Holland,1.000,0.193,0.193,No, ,14864840220000,12184406.808,3467966.8878,3501.03750367348,3800,VAN BUREN,DR, ,0,3084.855,14864840220000,3800, ,23452,R7.5, , , , , , ,30, ,10.5,ES,EWO,3,30,0670,14864840220000,650167.062753,14.9257819732,650167.062753,VAN BUREN,DR, , ,045806,0458061,0,HOLLAND, ,RESUB OF SCHOOL BOARD PROPERTY PARCEL A-1 14.861 AC,1791100,15360500,1791100,CITY OF VIRGINIA BEACH,2401 COURTHOUSE DR,VIRGINIA BEACH,VA,23456-9120,706, , ,1969, ,55,14864840220000,17151600,508,549,-41,-0.0746812386157,At Capacity,0,2022/11/10 00:00:00+00,650167.0625,3501.03766397592
27,17,CORPORATE LANDING ES,1590 Corporate Landing Parkway,23454,CORPORATE LANDING ELEMENTARY SCHOOL,8/18/2021, , ,24152589670000, ,District 5,SE, ,1993, ,New, ,96620,2021-2022, ,1993, , , , , ,KIT/2005,Courthouse / Sandbridge,1.000,0.307,0.307,No,2012,24152589670000,12212802.945,3455874.2013,3728.52450779922,1590,CORPORATE LANDING,PKWY, ,0,813376.929,24152589670000,1590, ,23454,AG1, , ,2946,721,233,0007,60, ,18,ES,ECL,1,60,1041,24152589670000,813372.132968,18.6724548432,813372.132968,CORPORATE LANDING,PKWY, , ,045408,0454083,0,GENERAL BOOTH, ,PAR RD1 CORP LANDING PAR RD1-A  18.6721 AC BY PLAT,1120400,11481700,1120400,SCHOOL BOARD CITY OF VIRGINIA ETC, , ,VA,-,706,000000000000000,000000000000000,1993, ,55,24152589670000,12602100,388,480,-92,-0.191666666667,Under Capacity,0,2022/11/10 00:00:00+00,813372.19921875,3728.52522160051
28,74,SALEM ES,3961 Salem Lakes Blvd.,23456,SALEM ELEMENTARY SCHOOL,8/18/2021, , ,14749957760000, ,District 2,SW, ,1988, ,New, ,66890,2021-2022, ,1988, , , , ,2013,"2005, 2013",Holland,1.239,0.572,0.461,Yes,2012,14749957760000,12179564.949,3449805.6062,3138.12977291674,3961,SALEM LAKES,BLVD, ,0,619378.519,14749957760000,3961, ,23456,PDH1, , ,2320,1996,172,0044,70, ,11.5,ES,ESL,1,70,0830,14749957760000,619374.210361,14.2188753526,619374.210361,SALEM LAKES,BLVD, , ,046015,0460152,0,LYNNHAVEN PKWY, ,NO LANDING RD SCHOOL SITE 14.287 ACRES,1706300,6348400,1706300,SCHOOL BOARD CITY OF VIRGINIA ETC,3961 SALEM LAKES BLVD,VIRGINIA BEACH,VA,23456-4926,706,000000000000000,000000000000000,1989, ,55,14749957760000,8054700,550,574,-24,-0.0418118466899,At Capacity,0,2022/11/10 00:00:00+00,619374.25,3138.12967039273
29,19,COX HS,2425  Shorehaven Drive,23454,FRANK W COX HIGH SCHOOL,8/18/2021, , ,14998186570000, ,District 8,NE, ,1983, , , ,236744,2021-2022, ,1983, ,1993, , ,2011,1999-2002,Great Neck,1.129,0.819,0.616,Yes, ,14998186570000,12198351.535,3491567.9646,6697.78778345821,2425,SHOREHAVEN,DR, ,0,2126284.459,14998186570000,2425, ,23454,R20, , ,2086,417,2361,0574,50, ,22,HS,HCX,4,50,0030,14998186570000,2126275.35358,48.8125655092,2126275.35358,SHOREHAVEN,DR, , ,043002,0430021,0,GREAT NECK RD,SHOREHAVEN,GREAT NECK PAR B-1 49.995 ACRES,5857500,19451300,5857500,SCHOOL BOARD CITY OF VIRGINIA ETC,2425 SHOREHAVEN DR,VIRGINIA BEACH,VA,23454-1749,706,000000000000000,000000000000000,1983, ,55,14998186570000,25308800,1663,1875,-212,-0.113066666667,Under Capacity,0,2022/11/10 00:00:00+00,2126275.15234375,6697.78803400791
30,7,BAYSIDE MS,965 Newtown Road,23462,BAYSIDE MIDDLE SCHOOL,8/18/2021, , ,14687356880000, ,District 4,NW, ,1969, , , ,180134,2021-2022, ,1969, , ,2004/20, ,1990,"1995, 2011, 2019/CAFΓö£├½",Bayside,1.321,0.831,0.629,Some, ,14687356880000,12167580.695,3483798.8701,4277.93527457306,965,NEWTOWN,RD, ,0,1089806.151,14687356880000,965, ,23462,R10, , ,1071,190,076,0038,40, ,23.77,MS,MBY,2,40,0700,14687356880000,1068583.27778,24.5312965513,1068583.27778,NEWTOWN,RD, , ,040402,0404021,0,NEWTOWN RD, ,BAYSIDE 24.396 AC,2441700,13805800,2441700,BAYSIDE JUNIOR HIGH SCHOOL,965 NEWTOWN RD,VIRGINIA BEACH,VA,23462-1338,706,000000000000000,000000000000000,1961, ,48,14687356880000,16247500,991,1207,-225,-0.186412593206,Under Capacity,1,2022/11/10 00:00:00+00,1068583.33203125,4277.93542221903
31,54,NEWTOWN ES,5277 Learning Circle,23462,NEWTOWN ELEMENTARY SCHOOL,8/18/2021, , ,14687138510000, ,District 4,NW, ,2008,1970,CIP 1-018 Replacement,Occupied Jan. 2008,88711,2021-2022, ,1970,2008,1992, , , , ,Bayside,1.000,0.264,0.264,No, ,14687138510000,12167402.313,3481760.304,3564.36895789975,5277,LEARNING,CIR, ,0,664451.796,14687138510000,5277, ,23462,A12, , , , , , ,20, ,21.2,ES,ENW,2,20,0710,14687138510000,735633.366743,16.8878183366,735575.36796,LEARNING,CIR, , ,040802,0408023, ,NEWTOWN RD, ,NEWTOWN ROAD PARCEL B 16.887 AC,2026400,15621400,2026400,NEWTOWN ROAD ELEMENTARY SCHOOL,900 NEWTOWN RD,VIRGINIA BEACH,VA,23462-1316,706, , ,2008, ,55,14687138510000,17647800,438,421,17,0.0403800475059,At Capacity,0,2022/11/10 00:00:00+00,735633.26953125,3564.36858709449
32,3,ARROWHEAD ES,5549 Susquehanna Drive,23462,ARROWHEAD ELEMENTARY SCHOOL,8/18/2021, , ,14670014220000, ,District 1,SW, ,2004,1965,Replacement, ,79480,2021-2022, ,1965,2004, , , , , ,Kempsville,1.000,0.303,0.303,No,2012,14670014220000,12159999.08,3470277.4099,4387.0520483046,5549,SUSQUEHANNA,DR, ,0,1207054.068,14670014220000,5549, ,23462,R7.5, , ,806,531,058,0051,20, ,10.5,ES,EAR,3,20,0550,14670014220000,1207046.49103,27.7099745416,1207046.49103,SUSQUEHANNA,DR, ,4034,046010,0460102,0,PRINCESS ANNE, ,ARROWHEAD 27.709 AC,2106600,12244300,2106600,ARROWHEAD ELEMENTARY SCHOOL,5549 SUSQUEHANNA DR,VIRGINIA BEACH,VA,23462-4034,706,000000000000000,000000000000000,2004, ,55,14670014220000,14350900,523,510,13,0.0254901960784,At Capacity,0,2022/11/10 00:00:00+00,1207046.42578125,4387.05207881151
33,10,BROOKWOOD ES,601 S. Lynnhaven Road,23452,BROOKWOOD ELEMENTARY SCHOOL,8/18/2021, , ,14962720240000, ,District 3,SE, ,2007,1968,Replacement, ,80065,2021-2022, ,1968,2007, , , , , ,Holland,1.000,0.234,0.234,No,2012,14962720240000,12191953.541,3466994.0858,3446.75997796102,601,LYNNHAVEN,RD,S,0,552500.146,14962720240000,601,S,23452,B2, , ,999,213,0,0,30, ,12.96,ES,EBR,1,30,0630,14962720240000,552496.96745,12.6835851113,552496.96745,LYNNHAVEN,RD, , ,045415,0454151,0,LYNNHAVEN PKWY, ,PRINCESS ANNE PLAZA 13 AC,1328000,13789100,1328000,BROOKWOOD ELEMENTARY SCHOOL,601 S LYNNHAVEN RD,VIRGINIA BEACH,VA,23452-6536,706,000000000000000,000000000000000,2008, ,55,14962720240000,15117100,560,539,21,0.038961038961,At Capacity,0,2022/11/10 00:00:00+00,552497.0078125,3446.76012293759
34,73,ROSEMONT FOREST ES,1716 Grey Friars Chase,23456,ROSEMONT FOREST ELEMENTARY SCHOOL,8/18/2021, , ,14757342470000, ,District 7,SW, ,1987, , , ,69788,2021-2022, ,1987, , , , ,2008,GYM/2005,Kempsville,1.162,0.703,0.605,Yes,2012,14757342470000,12177476.761,3453209.6031,3367.87828213273,1716,GREY FRIARS,CHASE, ,0,658711.94,14757342470000,1716, ,23456,R10, , ,2405,1306,2411,0661,10, ,10,ES,ERF,3,10,0840,14757342470000,658707.449692,15.1218422794,658707.449692,GREY FRIARS,CHASE, , ,046225,0462251, ,LYNNHAVEN PKWY, ,SALEM RD 15.1935 AC BY PLAT  PARCEL B,1823200,6383500,1823200,SCHOOL BOARD CITY OF VIRGINIA ETC,1716 GREY FRIARS CHASE,VIRGINIA BEACH,VA,23456-5435,706,000000000000000,000000000000000,1986, ,55,14757342470000,8206700,520,551,-31,-0.0562613430127,At Capacity,0,2022/11/10 00:00:00+00,658707.3203125,3367.87839976471
35,90,VIRGINIA BEACH MS,600 25th Street,23451,VIRGINIA BEACH MIDDLE SCHOOL,8/18/2021, , ,24178972320000,"Original Bldg 104,015 New Bldg 189,730",District 6,NE, ,2010,1952,CIP 1-234 Replacement,"Project Start FY 07/08, Move-In FY 10/11",189730,2021-2022,Tier 3,1952,2010, , ,Silver, , ,Oceanfront,1.000,0.222,0.222,No, ,24178972320000,12218651.183,3479208.0607,3128.58166932212,600,25TH,ST, ,0,0,24178972320000,600, ,23451,R5S, , , , , , ,60, ,9.5,MS,MVB,4,60,0140,24178972320000,478218.368989,10.9783831265,478218.368989,25TH,ST, , ,044001,0440012,0,BEACH-WEST,RESORT AREA,VA BEACH DEV CO PARCEL A 10.986 AC,1317400,49777600,1317400,SCHOOL BOARD OF THE CITY OF VIRGI,2401 COURTHOUSE DR,VIRGINIA BEACH,VA,23456-9120,706, , ,1965, ,55,24178972320000,51095000,577,638,-61,-0.0956112852665,At Capacity,0,2022/11/10 00:00:00+00,478218.32421875,3128.58211236785
36,23,FAIRFIELD ES,5428 Providence Road,23464,FAIRFIELD ELEMENTARY SCHOOL,8/18/2021, , ,14662531310000, ,District 1,SW, ,1976, , , ,58280,2021-2022, ,1976, , , , ,1998,2002,Kempsville,1.280,0.794,0.620,Yes,2012,14662531310000,12162337.199,3465174.394,3415.50384035553,5428,PROVIDENCE,RD, ,0,573577.381,14662531310000,5428, ,23464,R7.5, , ,1399,342,0,0,20, ,18.5,ES,EFF,3,20,0780,14662531310000,573573.651402,13.1674391966,573573.651402,PROVIDENCE,RD, , ,046002,0460022,0,INDIAN RIVER, ,J C HUDGINS PROP 13.190 AC PT PAR A5,1580100,4467200,1580100,FAIRFIELD ELEMENTARY SCHOOL,5428 PROVIDENCE RD,VIRGINIA BEACH,VA,23464-4125,706,000000000000000,000000000000000,1976, ,55,14662531310000,6047300,475,572,-97,-0.16958041958,Under Capacity,0,2022/11/10 00:00:00+00,573573.6484375,3415.50370924033
37,67,PRINCESS ANNE HS,4400 Virginia Beach Blvd.,23462,PRINCESS ANNE HIGH SCHOOL,8/18/2021, , ,14777694480000, ,District 9,NW, ,1954, ,Delayed-CIP10/11:CIP 1-107 Replacement,"Delayed-CIP10/11:Start FY14/15, Move-In FY17/18",228860,2021-2022, ,1954,"1987, 1996/FIRE","1995, 2000",1995/18, ,"1987, 2001, 2002","1987, 2012, 2014",Bayside,1.591,1.185,0.745,Yes, ,14777694480000,12177521.836,3476225.0923,7171.46337624178,4400,VIRGINIA BEACH,BLVD, ,0,1881437.456,14777694480000,4400, ,23462,B3, , ,301,321,005,0201,50, ,12.8,HS,HPA,2,50,0321,14777694480000,1881427.11021,43.191623283,1881427.11021,VIRGINIA BEACH,BLVD, , ,041003,0410033,0,VA BEACH BLVD, ,VA BEACH BLVD 39.68964 AC,4500000,24025400,4500000,PRINCESS ANNE HIGH SCHOOL,4400 VIRGINIA BEACH BLVD,VIRGINIA BEACH,VA,23462-3107,706,000000000000000,000000000000000,1954, ,55,14777694480000,28525400,1724,1599,125,0.0781738586617,At Capacity,10,2022/11/10 00:00:00+00,1881426.890625,7171.46325448915
38,35,KELLAM HS,2665 West Neck Road,23456,KELLAM HIGH SCHOOL,8/18/2021, , ,14937900820000, ,District 2,SE, ,2015,1962,CIP 1-106 Replacement,"Project Start FY 11/12, Move-In FY 14/15",336410,2021-2022,Tier 1,1962,2014, , ,Silver, , ,Courthouse / Sandbridge,1.000,0.073,0.073,No, ,14937900820000,12196928.674,3439126.6909,11243.1715389749,2665,WEST NECK,RD, ,0,4243750.423,14937900820000,2665, ,23456,AG1, , , , , , ,70, ,13.75,HS,HKL,1,70,0440,14937900820000,4572737.50079,104.975608374,4572737.50079,WEST NECK,RD, , ,045423,0454233,0,PRINCESS ANNE, ,HICKORY RIDGE PARCEL K 104.985 AC,11400700,68339600,11400700,SCHOOL BOARD OF THE CITY OF VIRGI,2401 COURTHOUSE DR,VIRGINIA BEACH,VA,23456-9120,706, , ,2014, ,58,14937900820000,79740300,1875,2093,-218,-0.104156712852,Under Capacity,0,2022/11/10 00:00:00+00,4572737.53125,11243.171042311
39,82,STRAWBRIDGE ES,2553 Strawbridge Road,23456,STRAWBRIDGE ELEMENTARY SCHOOL,8/18/2021, , ,24049767130000, ,District 5,SE, ,1991, ,New, ,84948,2021-2022, ,1991, , , , ,2012,"1997/IAQ, 2005, 2013",Courthouse / Sandbridge,1.118,0.495,0.443,Yes, ,24049767130000,12209756.472,3447891.4075,3506.20283030021,2553,STRAWBRIDGE,RD, ,0,570155.676,24049767130000,2553, ,23456,R20, , ,4372,295,268,0058,70, ,15.7,ES,ESB,1,70,0940,24049767130000,570152.029532,13.0888895669,570152.029532,STRAWBRIDGE,RD, , ,045417,0454174,0,GENERAL BOOTH, ,NIMMO PARCEL B-1  13.089 ACS,1570700,10212900,1570700,SCHOOL BOARD CITY OF VIRGINIA ETC,2512 GEORGE MASON DR,VIRGINIA BEACH,VA,23456-9105,706,000000000000000,000000000000000,1991, ,55,24049767130000,11783600,614,639,-25,-0.0391236306729,At Capacity,0,2022/11/10 00:00:00+00,570151.99609375,3506.20295019815
40,92,WILLIAMS ES,892 Newtown Road,23462,BETTIE F WILLIAMS ELEMENTARY SCHOOL,8/18/2021, , ,14686254740000, ,District 4,NW, ,1961, , , ,77656,2021-2022, ,1961, ,1995,"1963/8, 1990/GYM, 1995/9", ,1988,1988,Bayside,1.216,0.880,0.724,Yes,2012,14686254740000,12166465.315,3482184.8755,3665.36177155774,892,NEWTOWN,RD, ,0,844368.734,14686254740000,892, ,23462,R7.5, , ,0,0,0,0,20, ,23.67,ES,EWM,2,20,0470,14686254740000,790132.381397,18.1389435582,790131.895374,NEWTOWN,RD, ,1145,040802,0408023, ,NEWTOWN RD, ,NEWSOME 18.162 AC,2326200,5563700,2326200,WILLIAMS ELEMENTARY,892 NEWTOWN RD,VIRGINIA BEACH,VA,23462-1145,706,000000000000000,000000000000000,1961, ,55,14686254740000,7889900,407,511,-104,-0.203522504892,Under Capacity,0,2022/11/10 00:00:00+00,790132.4375,3665.36139881014
41,50,LYNNHAVEN ES,210 Dillon Drive,23452,LYNNHAVEN ELEMENTARY SCHOOL,8/18/2021, , ,14879274770000, ,District 3,SW, ,2004,1963,Modernization, ,80670,2021-2022, ,1963,2004, ,"1968/6, 1990/GYM", ,1995,1987,Holland,1.000,0.366,0.366,No, ,14879274770000,12189819.341,3472579.3645,3460.00472328875,210,DILLON,DR, ,0,715138.314,14879274770000,210, ,23452,R7.5, , ,759,325,050,0034,60, ,16,ES,ELY,1,60,0520,14879274770000,715134.382033,16.4172264011,715134.382033,DILLON,DR, , ,042802,0428021,0,HOLLAND, ,PRINCESS ANNE PLAZA 15.3 AC,1836000,11793500,1836000,LYNNHAVEN ELEMENTARY SCHOOL,210 DILLON DR,VIRGINIA BEACH,VA,23452-6702,706,000000000000000,000000000000000,1963, ,55,14879274770000,13629500,357,422,-65,-0.154028436019,Under Capacity,0,2022/11/10 00:00:00+00,715134.34375,3460.00437986657
42,64,PLAZA MS,3080 S. Lynnhaven Road,23452,PLAZA MIDDLE SCHOOL,8/18/2021, , ,14972123030000, ,District 3,SW, ,1969, , , ,157869,2021-2022, ,1969, , , , ,2009-2011,2016,Holland,1.198,0.743,0.620,Yes, ,14972123030000,12191942.54,3471120.6942,4271.35842870254,3080,LYNNHAVEN,RD,S,0,1062652.254,14972123030000,3080,S,23452,R7.5, , ,1027,564,106,0033,60, ,21.5,MS,MPZ,1,60,0640,14972123030000,1062646.37727,24.3950040697,1062646.37727,LYNNHAVEN,RD, , ,042802,0428023,0,LYNNHAVEN PKWY, ,LONDON BRIDGE 25 AC,2927400,10611000,2927400,PLAZA JR HIGH SCHOOL,3080 S LYNNHAVEN RD,VIRGINIA BEACH,VA,23452-6719,706,000000000000000,000000000000000,1969, ,55,14972123030000,13538400,1024,1013,11,0.0108588351431,At Capacity,6,2022/11/10 00:00:00+00,1062646.3203125,4271.35873619045
43,95,WOODSTOCK ES,6016 Providence Road,23464,WOODSTOCK ELEMENTARY SCHOOL,8/18/2021, , ,14565464140000, ,District 1,SW, ,2002,1957,Replacement, ,82707,2021-2022, ,1957,2002, , , , , ,Kempsville,1.000,0.246,0.264,No, ,14565464140000,12155706.172,3464207.6583,4140.59287768306,6016,PROVIDENCE,RD, ,0,966023.983,14565464140000,6020, ,23464,R10, , ,472,575,055,0027,20, ,19.7,ES,EWD,3,20,0390,14565464140000,966017.623222,22.1767131134,966017.623222,PROVIDENCE,RD, , ,046204,0462041,0,INDIAN RIVER, ,FERRY PT ROAD 23.91 ACS,2661200,12930400,2661200,WOODSTOCK SCHOOL,6020 PROVIDENCE RD,VIRGINIA BEACH,VA,23464-3807,706,000000000000000,000000000000000,2003, ,55,14565464140000,15591600,660,635,25,0.0393700787402,At Capacity,0,2022/11/10 00:00:00+00,966017.51953125,4140.59277800619
44,31,HOLLAND ES,3340 Holland Road,23452,HOLLAND ELEMENTARY SCHOOL,8/18/2021, , ,14868194360000, ,District 10,SW, ,1968, , , ,73956,2021-2022, ,1968, ,1995,1995/16, ,1996,1989,Holland,1.136,0.766,0.674,Yes, ,14868194360000,12189186.386,3461350.7333,3629.84713040545,3340,HOLLAND,RD, ,0,745676.079,14868194360000,3340, ,23452,A12, , ,944,736,067,0038,30, ,13.3,ES,EHL,1,30,0600,14868194360000,735886.132103,16.8936210308,735886.132103,HOLLAND,RD, , ,045414,0454144,0,HOLLAND, ,HOLLAND RD 17.34 AC,2027200,6010100,2027200,HOLLAND ELEMENTARY SCHOOL,3340 HOLLAND RD,VIRGINIA BEACH,VA,23452-4826,706,000000000000000,000000000000000,1967, ,55,14868194360000,8037300,459,515,-56,-0.108737864078,Under Capacity,0,2022/11/10 00:00:00+00,735886.10546875,3629.84790653165
45,76,SALEM MS,2380 Lynnhaven Parkway,23464,SALEM MIDDLE SCHOOL,8/18/2021, , ,14752411120000, ,District 7,SW, ,1988, ,New, ,217500,2021-2022, ,1988, , , , ,2017,2017,Kempsville,1.083,0.528,0.488,Yes, ,14752411120000,12172148.881,3454053.7789,4955.33765775882,2380,LYNNHAVEN,PKWY, ,0,1489799.578,14752411120000,2340, ,23464,R7.5, , ,1684,123,194,0086,10, ,14.8,MS,MSL,3,10,0050,14752411120000,1489789.31406,34.200856613,1489789.31406,LYNNHAVEN,PKWY, , ,046225,0462253,0,LYNNHAVEN PKWY, ,PROP SCHOOL BOARD CITY VA BCH PAR 1A 34.1552 AC BY PLAT,3733200,18434200,3733200,SCHOOL BOARD CITY OF VIRGINIA ETC,2380 LYNNHAVEN PKWY,VIRGINIA BEACH,VA,23464-8522,706,000000000000000,000000000000000,1988, ,55,14752411120000,22167400,1083,1023,60,0.058651026393,At Capacity,0,2022/11/10 00:00:00+00,1489789.23828125,4955.33738959383
46,22,DIAMOND SPRINGS ES,5225 Learning Circle,23462,DIAMOND SPRINGS ELEMENTARY SCHOOL,8/18/2021, , ,14688264680000, ,District 4,NW, ,2008, ,New, ,97000,2021-2022, ,2008,2008, , , , , ,Bayside,1.000,0.241,0.241,No,2012,14688264680000,12168601.014,3482456.9056,3927.50582060895,5225,LEARNING,CIR, ,0,664451.796,14688264680000,5225, ,23462,R7.5, , , , , , ,20, ,21,ES,EDS,2,20,0106,14688264680000,654992.469648,15.0365580727,655054.582491,LEARNING,CIR, , ,040802,0408023,0,NEWTOWN RD, ,TAYLORS BRANCH PARCEL 1C 15.039 AC,1804700,16739200,1804700,CITY OF VIRGINIA BEACH,2401 COURTHOUSE DR,VIRGINIA BEACH,VA,23456-9120,706,20090505000493200,20090505000493200,2008, ,55,14688264680000,18543900,483,523,-40,-0.0764818355641,At Capacity,0,2022/11/10 00:00:00+00,654992.5,3927.50585090372
47,41,KINGSTON ES,3532 King's Grant Road,23452,KINGSTON ELEMENTARY SCHOOL,8/18/2021, , ,14886234650000, ,District 8,NE, ,1965, , , ,65223,2021-2022, ,1965, , ,"1989/GYM, 1997/4", ,2004,"1987, 2004/KIT",Little Neck,1.141,0.745,0.653,Yes,2012,14886234650000,12186343.068,3482341.6054,3142.90260671359,3532,KINGS GRANT,RD, ,0,605108.76,14886234650000,3532, ,23452,R15, , ,878,506,061,0040,50, ,17.25,ES,EKN,2,50,0580,14886234650000,605105.706369,13.8913155732,605105.706369,KINGS GRANT,RD, , ,042201,0422011,0,VA BEACH BLVD,KINGS GRANT,LYNNHAVEN 14 AC,1667000,5366900,1667000,KINGSTON ELEMENTARY SCHOOL,3532 KINGS GRANT RD,VIRGINIA BEACH,VA,23452-4531,706,000000000000000,000000000000000,1965, ,55,14886234650000,7033900,504,558,-54,-0.0967741935484,At Capacity,0,2022/11/10 00:00:00+00,605105.796875,3142.90286547128
48,83,TALLWOOD ES,2025 Kempsville Road,23464,TALLWOOD ELEMENTARY SCHOOL,8/18/2021, , ,14557124390000, ,District 7,SW, ,1989, ,New, ,69988,2021-2022, ,1989, , , , , ,2005,Kempsville,1.211,0.705,0.582,Yes, ,14557124390000,12157136.502,3451519.856,3375.73525527342,2025,KEMPSVILLE,RD, ,0,649889.774,14557124390000,2025, ,23464,R5D, , ,4372,295,293,0055,10, ,21,ES,ETL,3,10,0910,14557124390000,649884.995279,14.919306595,649884.995279,KEMPSVILLE,RD, , ,046207,0462073,0,INDIAN RIVER, ,CITY OF VIRGINIA BEACH PARCEL TW-1A 14.916 ACS,1790300,8020400,1790300,SCHOOL BOARD CITY OF VIRGINIA ETC,2512 GEORGE MASON DR,VIRGINIA BEACH,VA,23456-9105,706,000000000000000,000000000000000,1990, ,55,14557124390000,9810700,592,585,7,0.0119658119658,At Capacity,0,2022/11/10 00:00:00+00,649885.0546875,3375.73498784476
49,80,SEATACK ES,912 S. Birdneck Road,23451,SEATACK ELEMENTARY SCHOOL,8/18/2021, , ,24166591710000, ,District 6,SE, ,2000,1952,Replacement, ,74375,2021-2022, ,1952,1999, , , , , ,Oceanfront,1.000,0.279,0.279,No, ,24166591710000,12216973.664,3465105.6086,3804.57432979735,912,BIRDNECK,RD,S,0,681225.11,24166591710000,912,S,23451,P1, , , , ,0,0,60, ,14.5,ES,ESK,4,60,0290,24166591710000,681223.917713,15.6387492588,681223.917713,BIRDNECK,RD, , ,045200,0452001,0,GENERAL BOOTH, ,PROPERTY OF CITY OF VIRGINIA BEACH PARCEL 2 15.63956 AC,469200,10127100,469200,SCHOOL BOARD OF THE CITY OF VIRGI,2401 COURTHOUSE DR,VIRGINIA BEACH,VA,23456-9120,706,20091216001428120,20060110000053890,2000, ,55,24166591710000,10596300,379,378,1,0.0026455026455,At Capacity,0,2022/11/10 00:00:00+00,681223.8828125,3804.57433048784
50,68,PROVIDENCE ES,4968 Providence Road,23464,PROVIDENCE ELEMENTARY SCHOOL,8/18/2021, , ,14669259670000, ,District 3,SW, ,1981, , , ,61831,2021-2022, ,1981, , , , ,2004,"2011, 2020",Kempsville,1.208,0.707,0.585,Yes,2012,14669259670000,12169537.62,3463036.8785,2867.67989976613,4968,PROVIDENCE,RD, ,0,488151.589,14669259670000,4968, ,23464,R10, , ,1483,256,109,0022,20, ,14,ES,EPV,3,20,0692,14669259670000,488148.435992,11.2063460972,488148.435992,PROVIDENCE,RD, , ,046006,0460063,0,INDIAN RIVER, ,KEMPSVILLE 11.2084 AC BY MAPPING,1344800,4876400,1344800,PROVIDENCE ELEMENTERY SCHOOL,4968 PROVIDENCE RD,VIRGINIA BEACH,VA,23464-5629,706,000000000000000,000000000000000,1981, ,55,14669259670000,6221200,530,561,-31,-0.0552584670232,At Capacity,0,2022/11/10 00:00:00+00,488148.4765625,2867.67957429037
51,39,KEMPSVILLE MS,860 Churchill Drive,23464,KEMPSVILLE MIDDLE SCHOOL,8/18/2021, , ,14669354880000, ,District 3,SW, ,1969, , , ,136287,2021-2022, ,1969, , , , ,"2004/GYM, 2007/2009",1995,Kempsville,1.363,0.848,0.622,Yes, ,14669354880000,12169479.201,3463832.6217,4439.19090500981,860,CHURCHILL,DR, ,0,1200994.659,14669354880000,860, ,23464,R10, , ,1052,107,077,0008,20, ,15.7,MS,MKV,3,20,0690,14669354880000,1200986.95132,27.570866651,1200986.95132,CHURCHILL,DR, , ,046006,0460063,0,INDIAN RIVER, ,KEMPSVILLE 27.5667 AC BY MAPPING,3308500,9587400,3308500,KEMPSVILLE JR HIGH SCHOOL,860 CHURCHILL DR,VIRGINIA BEACH,VA,23464-2905,706,000000000000000,000000000000000,1969, ,55,14669354880000,12895900,736,865,-129,-0.149132947977,Under Capacity,0,2022/11/10 00:00:00+00,1200986.98046875,4439.19069658653
52,45,LARKSPUR MS,4696 Princess Anne Road,23462,LARKSPUR MIDDLE SCHOOL,8/18/2021, , ,14763418950000, ,District 3,SW, ,1994, ,New, ,247264,2021-2022,Tier 3,1994, , , , , , ,Kempsville,1.000,0.316,0.316,No, ,14763418950000,12173455.309,3464904.0015,5291.1642584491,4696,PRINCESS ANNE,RD, ,0,1497867.751,14763418950000,4696, ,23462,R10, , ,3413,1905,230,0013,20, ,18,MS,MLK,3,20,0970,14763418950000,1497862.90219,34.3862006932,1497862.90219,PRINCESS ANNE,RD, , ,045803,0458032,0,PRINCESS ANNE, ,PROP TO BE ACQUIRED BY SCHOOL BOARD ETC 35.000  ACRES,4126400,26938900,4126400,SCHOOL BOARD CITY OF VIRGINIA ETC,4696 PRINCESS ANNE RD,VIRGINIA BEACH,VA,23462-6456,706,000000000000000,000000000000000,1994, ,55,14763418950000,31065300,1529,1588,-59,-0.0371536523929,At Capacity,0,2022/11/10 00:00:00+00,1497862.8046875,5291.16394979095
53,38,KEMPSVILLE MEADOWS ES,736 Edwin Drive,23462,KEMPSVILLE MEADOWS ELEMENTARY SCHOOL,8/18/2021, , ,14763516350000, ,District 3,SW, ,2002,1959,Replacement, ,77239,2021-2022, ,1959,2002, , , , , ,Kempsville,1.000,0.269,0.269,No, ,14763516350000,12172958.27,3465514.0577,3059.48106424204,736,EDWIN,DR, ,0,511336.445,14763516350000,736, ,23462,R10, , ,543,588,109,0027,20, ,17.5,ES,EKM,3,20,0410,14763516350000,511333.248927,11.7385961645,511333.248927,EDWIN,DR, , ,045803,0458032,0,PRINCESS ANNE, ,N LANDING RD 12 AC,1408600,11650700,1408600,KEMPSVILLE MEADOWS ELEMENTARY,736 EDWIN DR,VIRGINIA BEACH,VA,23462-6410,706,000000000000000,000000000000000,2002, ,55,14763516350000,13059300,465,498,-33,-0.066265060241,At Capacity,0,2022/11/10 00:00:00+00,511333.46875,3059.48159966752
54,37,KEMPSVILLE HS,5194 Chief Trail,23464,KEMPSVILLE HIGH SCHOOL,8/18/2021, , ,14668684650000, ,District 3,SW, ,1966, , , ,202665,2021-2022, ,1966, ,1991,"1968/15, 1995/26, 2018/EBA", ,"1991, 2020","1991, 2002, 2020",Kempsville,1.473,1.034,0.702,Yes, ,14668684650000,12168761.597,3466586.3887,5263.319486042,5194,CHIEF,TRL, ,0,1331628.556,14668684650000,5194, ,23464,R10, , ,912,321,0,0,20, ,13.9,HS,HKV,3,20,0620,14668684650000,1331620.18636,30.5697930752,1331620.18636,CHIEF,TRL, , ,046006,0460064,0,WITCHDUCK RD, ,KEMPSVILLE 30 AC,3668400,13912900,3668400,KEMPSVILLE HIGH SCHOOL,5194 CHIEF TRL,VIRGINIA BEACH,VA,23464-2704,706,000000000000000,000000000000000,1966, ,55,14668684650000,17581300,1963,2083,-120,-0.0576092174748,At Capacity,0,2022/11/10 00:00:00+00,1331620.171875,5263.31851960138
55,40,KINGS GRANT ES,612 N. Lynnhaven Road,23452,KINGS GRANT ELEMENTARY SCHOOL,8/18/2021, , ,14878987640000,GPIN 2009: 14878986450000  info 09 & on-line,District 8,NE, ,1960, , , ,72043,2021-2022, ,1960,1969/FIRE,1995,1995/15, ,2008,1997,Little Neck,1.138,0.718,0.631,Yes, ,14878987640000,12188971.471,3479547.8012,2873.48496419124,612,LYNNHAVEN,RD,N,0,512884.703,14878987640000,612,N,23452,R10, , , , , , ,50, ,15.25,ES,EKG,2,50,0420,14878987640000,498471.177297,11.4433236294,498471.177297,LYNNHAVEN,RD, , ,042202,0422021,0,VA BEACH BLVD, ,LITTLE NECK SCHOOL SITE 11.57891 AC,1373200,6561900,1373200,KINGS GRANT ELEMENTARY,612 N LYNNHAVEN RD,VIRGINIA BEACH,VA,23452-5810,706, , ,1969, ,48,14878987640000,7935100,505,525,-20,-0.0380952380952,At Capacity,0,2022/11/10 00:00:00+00,498471.265625,2873.48508374214
56,87,THOROUGHGOOD ES,1444 Dunstan Lane,23455,THOROUGHGOOD ELEMENTARY SCHOOL,8/18/2021, , ,14794251500000, ,District 9,NW, ,2020,1958,Replacement,Delayed-CIP10/11:Project Start FY 13/14,91913,2021-2022, ,1958,2020,1993,"1990/GYM, 1995/8",Pending,"1985, 2007",1989,Bayside,1.445,0.798,0.543,Yes, ,14794251500000,12174538.029,3492024.7183,3485.25550659746,1444,DUNSTAN,LN, ,0,548642.444,14794251500000,1444, ,23455,R15, , ,530,69,044,0038,40, ,24.7,ES,ETG,2,40,0400,14794251500000,548609.540082,12.5943420588,548609.540082,DUNSTAN,LN, , ,041400,0414002,0,INDEPENDENCE, ,THOROUGHGOOD PAR A,1511400,14281600,1511400,THOROUGHGOOD ELEMENTARY,1444 DUNSTAN LN,VIRGINIA BEACH,VA,23455-4241,706,000000000000000,000000000000000,1958, ,55,14794251500000,15793000,746,783,-37,-0.0472541507024,At Capacity,0,2022/11/10 00:00:00+00,548609.4375,3485.25573185773
57,70,RED MILL ES,1860 Sandbridge Road,23456,RED MILL ELEMENTARY SCHOOL,8/18/2021, , ,24145124450000, ,District 5,SE, ,1989, ,New, ,69788,2021-2022, ,1989, , , , , ,"GYM/2010, 2011",Courthouse / Sandbridge,1.154,0.664,0.575,Yes,2012,24145124450000,12215146.433,3441488.1664,3551.82027908552,1860,SANDBRIDGE,RD, ,0,669950.996,24145124450000,1860, ,23456,R15, , ,2572,1005,0,0,70, ,10,ES,ERM,1,70,0900,24145124450000,669950.293757,15.3799424646,669950.293757,SANDBRIDGE,RD, , ,045420,0454202,0,GENERAL BOOTH, ,RED MILL FARM SCHOOL SITE 15.179 AC BY PLAT,1845600,7470900,1845600,SCHOOL BOARD CITY OF VIRGINIA ETC,1860 SANDBRIDGE RD,VIRGINIA BEACH,VA,23456-4018,706,000000000000000,000000000000000,1990, ,55,24145124450000,9316500,563,608,-45,-0.0740131578947,At Capacity,0,2022/11/10 00:00:00+00,669950.26953125,3551.82048281041
58,9,BRANDON MS,1700 Pope Street,23464,BRANDON MIDDLE SCHOOL,8/18/2021, , ,14558626320000, ,District 7,SW, ,1978, , , ,190586,2021-2022, ,1978, , , , ,"2002/GYM, 2003",2001,Kempsville,1.125,0.698,0.621,Yes, ,14558626320000,12158519.702,3456418.1602,4431.53401937595,1700,POPE,ST, ,0,1221333.716,14558626320000,1700, ,23464,R5D, , ,1613,584,117,0022,20, ,21,MS,MBR,3,20,0790,14558626320000,1221325.09155,28.0377661053,1221325.09155,POPE,ST, , ,046207,0462071,0,INDIAN RIVER,BRANDON,GT BRIDGE RD 28.000 ACS,3364500,13591100,3364500,SCHOOL BOARD CITY OF VIRGINIA ETC,1700 POPE ST,VIRGINIA BEACH,VA,23464-6630,706,000000000000000,000000000000000,1979, ,55,14558626320000,16955600,1048,1050,-2,-0.00190476190476,At Capacity,0,2022/11/10 00:00:00+00,1221325.0234375,4431.53401182019
59,89,TRANTWOOD ES,2344 Inlynnview Road,23454,TRANTWOOD ELEMENTARY SCHOOL,8/18/2021, , ,14989359670000, ,District 8,NE, ,2004,1963,Modernization, ,81040,2021-2022, ,1963,2004, ,"1969/6, 1990/GYM", ,1996,1987,Great Neck,1.000,0.315,0.315,No,2012,14989359670000,12199519.633,3483994.037,2825.56169436306,2344,INLYNNVIEW,RD, ,0,499782.744,14989359670000,2344, ,23454,R20, , ,728,595,070,0018,50, ,15.8,ES,ETR,4,50,0510,14989359670000,499780.400456,11.4733792575,499780.400456,INLYNNVIEW,RD, , ,044401,0444012,0,GREAT NECK RD, ,GREAT NECK 12 AC,1376800,7079700,1376800,TRANTWOOD ELEMENTARY,2344 INLYNNVIEW RD,VIRGINIA BEACH,VA,23454-1949,706,000000000000000,000000000000000,1963, ,55,14989359670000,8456500,498,551,-53,-0.0961887477314,At Capacity,0,2022/11/10 00:00:00+00,499780.38671875,2825.56147557116
60,86,THALIA ES,421 Thalia Road,23452,THALIA ELEMENTARY SCHOOL,8/18/2021, , ,14778674940000, ,District 8,NW, ,2001,1956,Modernization, ,91550,2021-2022, ,1956,2001,"1993, 2001","1963/11, 1989/GYM", ,1996,"1989, 2020",Little Neck,1.000,0.360,0.365,No,2012,14778674940000,12178734.446,3476284.9582,4040.52143556426,421,THALIA,RD, ,0,697547.35,14778674940000,421, ,23452,R7.5, , ,441,329,040,0045,50, ,14.5,ES,ETH,2,50,0350,14778674940000,670930.058924,15.4024347779,670930.058924,THALIA,RD, , ,045601,0456011,0,VA BEACH BLVD, ,THALIA 13.8302 AC,1659600,10991300,1659600,THALIA ELEMENTARY,421 THALIA RD,VIRGINIA BEACH,VA,23452-1836,706,000000000000000,000000000000000,1956, ,55,14778674940000,12650900,601,592,9,0.0152027027027,At Capacity,0,2022/11/10 00:00:00+00,670930.12109375,4040.52078793505
61,56,OCEAN LAKES ES,1616 Upton Drive,23454,OCEAN LAKES ELEMENTARY SCHOOL,8/18/2021, , ,24157541460000, ,District 5,SE, ,1990, ,New, ,69917,2021-2022, ,1990, , , , ,2007,"1998/IAQ, 2005, 2017/GYM",Courthouse / Sandbridge,1.111,0.555,0.500,Yes, ,24157541460000,12217800.589,3454916.1966,4093.48788714757,1616,UPTON,DR, ,0,929730.451,24157541460000,1616, ,23454,R10, , ,2674,900,2674,0903,70, ,11,ES,EOL,1,70,0880,24157541460000,929728.743527,21.3436350672,929728.743527,UPTON,DR, , ,045427,0454272,0,GENERAL BOOTH, ,NIMMO 20.9054 ACRES,2561200,9604700,2561200,SCHOOL BOARD CITY OF VIRGINIA ETC,1616 UPTON DR,VIRGINIA BEACH,VA,23454-5730,706,000000000000000,000000000000000,1990, ,55,24157541460000,12165900,558,593,-35,-0.0590219224283,At Capacity,0,2022/11/10 00:00:00+00,929728.94140625,4093.4876183899
62,15,COOKE ES,1501 Mediterranean Avenue,23451,W T COOKE ELEMENTARY SCHOOL,8/18/2021, ,"1906 charter, 1912 New Bldg, 1962 Replaced, 1999",24270630010000, ,District 5,NE, ,1999,1912,Replacement, ,89122,2021-2022, ,1912,1999, , , , ,OFFICE/CLASSROOM WING 2019,Oceanfront,1.000,0.307,0.307,No, ,24270630010000,12220305.618,3475998.2567,2219.99476499772,1501,MEDITERRANEAN,AVE, ,0,227875.415,24270630010000,1501, ,23451,R5S, , ,0,0,267,0057,60, ,10.72,ES,ECK,4,60,0130,24270630010000,227875.09974,5.23129246419,227875.09974,MEDITERRANEAN,AVE, , ,044003,0440031,0,BEACH-WEST, ,LAKEWOOD LOT C-1,627800,12466200,627800,SCHOOL BOARD CITY OF VIRGINIA ETC, , ,VA,-,706,000000000000000,000000000000000,2000, ,55,24270630010000,13094000,520,558,-38,-0.0681003584229,At Capacity,0,2022/11/10 00:00:00+00,227875.10546875,2219.99438222987
63,88,THREE OAKS ES,2201 Elson Green Avenue,23456,THREE OAKS ELEMENTARY SCHOOL,8/18/2021, , ,24141333610000, ,District 2,SE, ,2005, ,New, ,92210,2021-2022, ,2005, , , , , , ,Courthouse / Sandbridge,1.000,0.254,0.254,No,2012,24141333610000,12211364.937,3443257.8429,3534.16365411768,2201,ELSON GREEN,AVE, ,0,661948.099,24141333610000,2201, ,23456,AG1, , ,4049,166,275,0032,70, ,17,ES,ETO,1,70,0100,24141333610000,655774.415576,15.0545090812,655774.415576,ELSON GREEN,AVE, , ,045424,0454242,0,GENERAL BOOTH, ,NIMMO SCHOOL SITE 15.0533 AC,903200,13595800,903200,SCHOOL BOARD OF CITY OF VIRGINIA,2512 GEORGE MASON DR BLDG 6,VIRGINIA BEACH,VA,23456-9105,706, ,200409200149838,2004, ,55,24141333610000,14499000,654,718,-64,-0.0891364902507,At Capacity,0,2022/11/10 00:00:00+00,655774.33984375,3534.1628480931
64,36,KEMPSVILLE ES,570 Kempsville Road,23464,KEMPSVILLE ELEMENTARY SCHOOL,8/18/2021, , ,14667775070000, ,District 3,SW, ,2003,1961,Modernization, ,78146,2021-2022, ,1961,2003, ,"1963/6, 1990/GYM", ,"1995, 2008/GYM",1988,Kempsville,1.000,0.332,0.332,No, ,14667775070000,12167868.312,3467431.6103,3306.33893993327,570,KEMPSVILLE,RD, ,0,581306.959,14667775070000,570, ,23464,R10, , ,648,227,050,0040,20, ,13.65,ES,EKV,3,20,0450,14667775070000,532234.037278,12.2184122424,532230.291273,KEMPSVILLE,RD, , ,046006,0460064,0,WITCHDUCK RD, ,KEMPSVILLE 12.228 AC,1467400,12422600,1467400,KEMPSVILLE ELEMENTARY SCHOOL,570 KEMPSVILLE RD,VIRGINIA BEACH,VA,23464-2702,706,000000000000000,000000000000000,2003, ,55,14667775070000,13890000,467,507,-40,-0.0788954635108,At Capacity,0,2022/11/10 00:00:00+00,532233.88671875,3306.33853315936
65,12,CHRISTOPHER FARMS ES,2828 Pleasant Acres Drive,23453,CHRISTOPHER FARMS ELEMENTARY SCHOOL,8/18/2021, , ,14945873050000, ,District 2,SE,Foreign Language Partial Immersion,1997, ,New, ,78740,2021-2022, ,1997, , , , , , ,Courthouse / Sandbridge,1.000,0.306,0.306,No, ,14945873050000,12195666.385,3448324.0883,3228.54626403093,2828,PLEASANT ACRES,DR, ,0,658062.077,14945873050000,2828, ,23453,R7.5, , ,3201,426,226,0025,70, ,13.6,ES,ECF,1,70,0990,14945873050000,654390.111681,15.0227298366,654390.111681,PLEASANT ACRES,DR, , ,045422,0454221,0,HOLLAND, ,BOWEN RIVER PARCEL A  14.961 AC,1812800,10543300,1812800,SCHOOL BOARD CITY OF VIRGINIA ETC,2828 PLEASANT ACRES DR,VIRGINIA BEACH,VA,23453-7300,706,000000000000000,000000000000000,1997, ,55,14945873050000,12356100,631,714,-83,-0.116246498599,Under Capacity,0,2022/11/10 00:00:00+00,654390.18359375,3228.54662848799
66,49,LUXFORD ES,4808 Haygood Road,23455,LUXFORD ELEMENTARY SCHOOL,8/18/2021, , ,14782518030000, ,District 9,NW, ,2002,1961,Modernization, ,82242,2021-2022, ,1961,2002,1993,1990/GYM, ,2008/GYM,1988,Bayside,1.000,0.348,0.348,No, ,14782518030000,12172073.839,3485867.8053,2893.05750165425,4808,HAYGOOD,RD, ,0,536509.472,14782518030000,4808, ,23455,R7.5, , ,640,239,050,0011,40, ,19.53,ES,ELX,2,40,0460,14782518030000,527586.331152,12.1117155912,527586.331152,HAYGOOD,RD, , ,041200,0412003,0,NEWTOWN RD, ,BAYSIDE 12.7 AC,1478000,6938500,1478000,LUXFORD ELEMENTARY SCHOOL,4808 HAYGOOD RD,VIRGINIA BEACH,VA,23455-5320,706,000000000000000,000000000000000,1961, ,55,14782518030000,8416500,500,512,-12,-0.0234375,At Capacity,0,2022/11/10 00:00:00+00,527586.34765625,2893.05765618742
67,59,OLD DONATION SCHOOL,4633 Honeygrove Road,23455,OLD DONATION SCHOOL,8/18/2021, , ,14784437960000, ,District 9,NW, ,2017,1965,CIP 1-233 Replacement,Project Start FY 13/14,225785,2021-2022,Tier 1,2017,2017,1994,1995/17,Gold,"1996, 2003/GYM",1995,Bayside,1.000,0.000,0.000,Yes, ,14784437960000,12174543.851,3484972.1455,3029.59835032993,4633,HONEYGROVE,RD, ,0,571599.827,14784437960000,4633, ,23455,A36, , ,890,14,065,0010,40, ,29,ALT,MGC,2,40,0080,14784437960000,571573.857837,13.1215302534,571573.888617,HONEYGROVE,RD, , ,040801,0408011,0,INDEPENDENCE, ,FERRY PLANTATION RD 13.1404 AC,1574700,49843700,1574700,OLD DONATION ELEMENTARY,1008 FERRY PLANTATION RD,VIRGINIA BEACH,VA,23455-5404,706,000000000000000,000000000000000,1965, ,55,14784437960000,51418400,1335,1382,-47,-0.034008683068,At Capacity,0,2022/11/10 00:00:00+00,571573.8125,3029.59824929691
68,84,TALLWOOD HS,1668 Kempsville Road,23464,TALLWOOD HIGH SCHOOL,8/18/2021, , ,14651344580000, ,District 7,SW,Global Studies and World Language,1992, ,New, ,294457,2021-2022, ,1992, , , , ,2014,2014,Kempsville,1.067,0.553,0.519,Yes, ,14651344580000,12161755.986,3453060.6743,6478.1453999783,1668,KEMPSVILLE,RD, ,0,2011836.631,14651344580000,1668, ,23464,R7.5, , ,2957,87,200,0036,10, ,16,HS,HTL,3,10,0920,14651344580000,2011857.84115,46.1859008527,2011857.84115,KEMPSVILLE,RD, , ,046222,0462221,0,INDIAN RIVER, ,GREAT BRIDGE ROAD 47.0367 ACRES,5542200,34306800,5542200,SCHOOL BOARD CITY OF VIRGINIA ETC,1668 KEMPSVILLE RD,VIRGINIA BEACH,VA,23464-7102,706,000000000000000,000000000000000,1992, ,55,14651344580000,39849000,1848,2116,-268,-0.126654064272,Under Capacity,0,2022/11/10 00:00:00+00,2011857.99609375,6478.14588158924
69,14,COLLEGE PARK ES,1110 Bennington Road,23464,COLLEGE PARK ELEMENTARY SCHOOL,8/18/2021,& GPIN 14562086560000,GPIN 14562086560000 Assessed 513000 July 09,14562067130000 & 14562086560000,"Original Bldg 58,743  New Bldg 94,231",District 7,SW, ,2011,1973,CIP 1-026 Replacement,"Project Start FY 08/09, Move-In FY 11/12",94861,2021-2022,Tier 2,1973,2011, , ,Platinum, , ,Kempsville,1.000,0.144,0.144,No, ,14562067130000,12152623.632,3460602.321,3366.1273631893,1110,BENNINGTON,RD, ,0,474085.504,14562067130000,1110, ,23464,R7.5, , ,1202,688,076,0047,10, ,23.5,ES,ECP,3,10,0720,14562067130000,655076.868161,15.038495596,474082.201764,BENNINGTON,RD, , ,046220,0462202,0,INDIAN RIVER,COLLEGE PARK,COLLEGE PARK 15 AC,1306000,20858100,1306000,COLLEGE PARK ELEMENTARY SCHOOL,1110 BENNINGTON RD,VIRGINIA BEACH,VA,23464-3764,706,000000000000000,000000000000000,1973, ,55,14562067130000,22164100,484,544,-60,-0.110294117647,Under Capacity,0,2022/11/10 00:00:00+00,655076.8671875,3366.12736312977
70,42,LANDSTOWN ES,2212 Recreation Drive,23456,LANDSTOWN ELEMENTARY SCHOOL,8/18/2021,PARTIAL SHARED WITH LANDSTOWN MS, ,14854231010000 PARTIAL SHARED WITH LANDSTOWN MS, ,District 10,SE, ,1993, ,New, ,81634,2021-2022, ,1993, , , , ,2019,2019,Courthouse / Sandbridge,1.000,0.332,0.332,No, ,14854231010000,12184100.836,3451624.2493,5696.31256881064,2204,RECREATION,DR, ,0,2177631.19,14854231010000,2212, ,23456,R5D, , ,4372,295,275,0055,10, ,14,ES,ELN,1,10,0932,14854231010000,1192178.4958,27.368652337,2177525.1994,RECREATION,DR, , ,046015,0460151,0,PRINCESS ANNE, ,PRINCESS ANNE PARK PARCEL 3 49.991 ACS,5998700,42614500,5998700,SCHOOL BOARD CITY OF VIRGINIA ETC,2512 GEORGE MASON DR,VIRGINIA BEACH,VA,23456-9105,706,000000000000000,000000000000000,1992, ,55,14854231010000,48613200,669,776,-107,-0.137886597938,Under Capacity,3,2022/11/10 00:00:00+00,1192178.49609375,5696.3125688267
71,44,LANDSTOWN MS,2204 Recreation Drive,23456,LANDSTOWN MIDDLE SCHOOL,8/18/2021,PARTIAL SHARED WITH LANDSTOWN ES, ,14854231010000 PARTIAL SHARED WITH LANDSTOWN ES, ,District 10,SE, ,1992, ,New, ,201000,2021-2022, ,1992, , , , ,2020,"2005, 2020",Courthouse / Sandbridge,1.000,0.326,0.326,No, ,14854231010000,12184653.546,3451382.1965,5302.40013275949,2204,RECREATION,DR, ,0,2177631.19,14854231010000,2212, ,23456,R5D, , ,4372,295,275,0055,10, ,14,MS,MLN,1,10,0931,14854231010000,985302.318082,22.6194287898,2177525.1994,RECREATION,DR, , ,046015,0460151,0,PRINCESS ANNE, ,PRINCESS ANNE PARK PARCEL 3 49.991 ACS,5998700,42614500,5998700,SCHOOL BOARD CITY OF VIRGINIA ETC,2512 GEORGE MASON DR,VIRGINIA BEACH,VA,23456-9105,706,000000000000000,000000000000000,1992, ,55,14854231010000,48613200,1267,1415,-148,-0.104593639576,Under Capacity,0,2022/11/10 00:00:00+00,985302.30078125,5302.4001327849
72,8,BIRDNECK ES,957 S. Birdneck Road,23451,BIRDNECK ELEMENTARY SCHOOL,8/18/2021,PARTIAL SHARED WITH OTHER CITY USES, ,24166368740000 PARTIAL SHARED WITH OTHER CITY USES, ,District 5,SE, ,1986, , , ,137250,2021-2022, ,1986, , , , ,1999/2000,"2000/IAQ, 2011, 2020/GYM",Courthouse / Sandbridge,1.230,0.741,0.602,Yes, ,24166368740000,12216909.822,3463742.2486,4635.50663671766,949,BIRDNECK,RD,S,0,3039315.586,24166368740000,933,S,23451,B2, , ,0,0,0,0,60, ,21,ES,EBI,4,60,0060,24166368740000,955848.968512,21.9432729227,3005435.25166,BIRDNECK,RD, , ,045200,0452002,0,BIRDNECK RD, ,OWLS CREEK 69.69439 ACRES,4892000,16150500,4892000,CITY OF VIRGINIA BEACH,2401 COURTHOUSE DR,VIRGINIA BEACH,VA,23456-9120,706,200311250196275,200411180183876,1986, ,55,24166368740000,21042500,647,723,-76,-0.105117565698,Under Capacity,0,2022/11/10 00:00:00+00,955849.03125,4635.50663662222
73,29,GREEN RUN HS,1700 Dahlia Drive,23453,GREEN RUN HIGH SCHOOL,8/18/2021,& GPIN 14862089840000, ,14862146150000 & 14862089840000, ,District 10,SW, ,1979, , , ,235721,2021-2022, ,1979, , ,2015/GRC, ,2002,2002,Holland,1.106,0.677,0.612,Yes, ,14862146150000,12182214.068,3461501.1712,5915.9977375671,1700,DAHLIA,DR, ,0,2188825.59,14862146150000,1700, ,23462,PDH1, , ,1492,285,110,0006,30, ,16.5,HS,HGR,3,30,0010,14862146150000,2191780.47972,50.3163562836,2188811.8754,DAHLIA,DR, , ,045809,0458093,0,INDEPENDENCE, ,HOLLAND PAR A 50.051 AC,6029800,30091300,6029800,GREEN RUN HIGH SCHOOL,1700 DAHLIA DR,VIRGINIA BEACH,VA,23453-2141,706,000000000000000,000000000000000,1979, ,55,14862146150000,36121100,1836,1750,86,0.0491428571429,At Capacity,4,2022/11/10 00:00:00+00,2191780.4765625,5915.99773760196
74,26,GLENWOOD ES,2213 Round Hill Drive,23464,GLENWOOD ELEMENTARY SCHOOL,8/18/2021,PARTIAL SHARED WITH GLENWOOD BUS GARAGE, ,14754031760000 PARTIAL SHARED WITH GLENWOOD BUS GARAGE, ,District 7,SW, ,1990, ,New, ,139600,2021-2022, ,1990, , , , , ,"1999/IAQ, 2010/GYM, 2020/KIT",Kempsville,1.068,0.626,0.586,Yes, ,14754031760000,12174272.956,3449600.4747,3883.80961556319,2213,ROUND HILL,DR, ,0,1073312.809,14754031760000,2213, ,23464,R10, , ,4372,295,2791,0647,10, ,13.5,ES,EGL,3,10,0870,14754031760000,829673.610994,19.0466852845,1073305.21611,ROUND HILL,DR, , ,046216,0462163,0,INDIAN RIVER,GLENWOOD,GUM SWAMP 24.451 ACS BY PLAT,2956800,15118900,2956800,SCHOOL BOARD CITY OF VIRGINIA ETC,2512 GEORGE MASON DR,VIRGINIA BEACH,VA,23456-9105,706,000000000000000,000000000000000,1988, ,55,14754031760000,18075700,1012,1037,-25,-0.0241080038573,At Capacity,0,2022/11/10 00:00:00+00,829673.60546875,3883.80961554316
75,6,BAYSIDE HS,4960 Haygood Road,23455,BAYSIDE HIGH SCHOOL,8/18/2021,"& GPINs 14689412940000, 14689452420000, 14689433700000, 14689426230000, 14689463300000, 14689444880000","& 14689433700000, 14689426230000, 14689463300000, 14689444880000",14689496160000 & 14689412940000 & 14689452420000 & 14689433700000 & 14689426230000 & 14689463300000 & 14689444880000, ,District 9,NW,Health Sciences,1964, , , ,200816,2021-2022, ,1964, ,1995,"1967/15, 1995/22", ,"2003, 2010/GYM",1990,Bayside,1.329,0.819,0.616,Yes,2012,14689496160000,12169749.215,3484845.0886,5029.44779851366,4960,HAYGOOD,RD, ,0,1083938.533,14689496160000,4960, ,23455,R7.5, , ,1477,742,059,0042,40, ,22.5,HS,HBY,2,40,0530,14689496160000,1402862.10648,32.205282518,1083932.82328,HAYGOOD,RD, , ,041200,0412003,0,NEWTOWN RD, ,BAYSIDE 25.752 AC,3106100,13696800,3106100,BAYSIDE HIGH SCHOOL,4960 HAYGOOD RD,VIRGINIA BEACH,VA,23455-5236,706,000000000000000,000000000000000,1964, ,55,14689496160000,16802900,1917,2109,-192,-0.0910384068279,At Capacity,0,2022/11/10 00:00:00+00,1402862.08203125,5029.44779853554
76,28,GREEN RUN ES,1200 Green Garden Circle,23453,GREEN RUN ELEMENTARY SCHOOL,8/18/2021,& GPIN 14857985990000, ,14857997690000 & 14857985990000, ,District 10,SW, ,1976, , , ,58275,2021-2022, ,1976, , , , ,2008,"2000, LIB/OFFICE 2020",Holland,1.400,0.948,0.677,Yes, ,14857997690000,12188023.419,3459805.1351,3297.67427407007,1200,GREEN GARDEN,CIR, ,0,651606.911,14857997690000,1200, ,23453,PDH1, , , , , , ,30, ,13,ES,EGR,3,30,0770,14857997690000,654129.691959,15.0167514224,645124.006842,GREEN GARDEN,CIR, , ,045405,0454053,0,LYNNHAVEN PKWY,GREEN RUN,GREEN PUD PARCEL S RESIDUE 14.779 AC,1777200,4229800,1777200,GREEN RUN ELEMENTARY SCHOOL,1200 GREEN GARDEN CIR,VIRGINIA BEACH,VA,23453-2860,706, , ,1976, ,55,14857997690000,6007000,319,376,-57,-0.151595744681,Under Capacity,0,2022/11/10 00:00:00+00,654129.6796875,3297.67427401077
77,75,SALEM HS,1993 Sundevil Drive,23464,SALEM HIGH SCHOOL,8/18/2021,& GPIN 14753306760000, ,14753312650000 & 14753306760000, ,District 7,SW,Visual and Performing Arts,1989, ,New, ,260889,2021-2022, ,1989, , , , ,2015,"2015, 2020",Kempsville,1.080,0.597,0.553,Yes, ,14753312650000,12172769.063,3453262.9037,7885.19677316049,1993,SUNDEVIL,DR, ,0,2183407.527,14753312650000,1993, ,23464,R10, , ,2401,1925,0,0,10, ,14.5,HS,HSL,3,10,0850,14753312650000,2187313.17899,50.2138011705,2183392.42469,SUNDEVIL,DR, , ,046225,0462253,0,LYNNHAVEN PKWY, ,PROP OF SCHOOL BOARD CITY OF VA BEACH PAR 4A 50.0950 ACS,5860400,26906200,5860400,SCHOOL BOARD CITY OF VIRGINIA ETC,1993 SUNDEVIL DR,VIRGINIA BEACH,VA,23464-8905,706,000000000000000,200305140074649,1989, ,55,14753312650000,32766600,1646,1897,-251,-0.132314180285,Under Capacity,0,2022/11/10 00:00:00+00,2187313.17578125,7885.19677319054
78,53,NEW CASTLE ES,4136 Dam Neck Road,23456,NEW CASTLE ELEMENTARY SCHOOL,8/18/2021,"& GPINs 14842746200000, 14842746250000", ,14842794330000 & 14842746200000 & 14842746250000, ,District 2,SE, ,1999, ,New, ,87060,2021-2022, ,1999, , , , , , ,Courthouse / Sandbridge,1.000,0.297,0.297,No, ,14842794330000,12182905.689,3447422.8504,3759.56938676715,4136,DAM NECK,RD, ,0,670402.193,14842794330000,4136, ,23456,AG1, , ,4372,295,275,0055,70, ,13.9,ES,ENC,1,70,1020,14842794330000,680326.361392,15.6181442009,670397.493442,DAM NECK,RD, , ,046015,0460151,0,PRINCESS ANNE, ,PRINCESS ANNE PARK PARCEL 5 15.393 ACS,1846800,12410700,1846800,SCHOOL BOARD CITY OF VIRGINIA ETC,2512 GEORGE MASON DR,VIRGINIA BEACH,VA,23456-9105,706,000000000000000,000000000000000,2000, ,55,14842794330000,14257500,706,729,-23,-0.0315500685871,At Capacity,0,2022/11/10 00:00:00+00,680326.32421875,3759.56938673297
79,55,NORTH LANDING ES,2929 North Landing Road,23456,NORTH LANDING ELEMENTARY SCHOOL,8/18/2021,PARTIAL SHARED WITH TECH ED CENTER, ,14934708440000 PARTIAL SHARED WITH TECH ED CENTER, ,District 2,SE, ,1975, , , ,60280,2021-2022, ,1975, , ,1990/GYM, ,2000,2000,Courthouse / Sandbridge,1.143,0.857,0.750,Yes, ,14934708440000,12193941.798,3438111.1708,4501.1596582914,2925,NORTH LANDING,RD, ,0,1743357.555,14934708440000,2925, ,23456,PDH1, , ,1152,492,1152,0495,70, ,16.3,ES,ENL,1,70,0760,14934708440000,1113357.13616,25.5591629053,1743638.01087,NORTH LANDING,RD, , ,045423,0454233,0,PRINCESS ANNE, ,N LANDING RD 40 AC,4916400,12843200,4916400,SCHOOL BOARD CITY OF VIRGINIA ETC,2925 N LANDING RD,VIRGINIA BEACH,VA,23456-2405,706,000000000000000,000000000000000,1975, ,55,14934708440000,17759600,451,495,-44,-0.0888888888889,At Capacity,0,2022/11/10 00:00:00+00,1113357.15234375,4501.15965831646
80,71,RENAISSANCE ACADEMY & ADULT LEARNING CENTER,5100 Cleveland Street,23462,RENAISSANCE ACADEMY & ADULT LEARNING CENTER,8/18/2021,& GPIN 14677418960000,Evening Academic Dean Ms. Jennifer C. Barnes,14677479960000 & 14677418960000, ,District 4,SW, ,2010, ,CIP 1-085 Replacement (3),"Const Start 2007, Move-in Jan. 2010",284968,2021-2022,Tier 3,2010,2009, , ,Gold, , ,Bayside,1.000,0.230,0.230,No,2012,14677479960000,12167733.581,3475002.5942,3644.58129070931,5100,CLEVELAND,ST, ,0,1185961.747,14677479960000,5100, ,23462,I1, , , , , , ,20, ,18.5,ALT,HRA,2,20,1049,14677479960000,730883.553389,16.778777626,686884.92646,CLEVELAND,ST, ,6507,040600,0406003,0,WITCHDUCK RD, ,KEMPSVILLE PARCEL A1 15.755 AC,1890600,47643200,1890600,VIRGINIA BEACH CENTER FOR ETC,233 N WITCHDUCK RD,VIRGINIA BEACH,VA,23462-6507,706, , ,2009, ,55,14677479960000,49533800,394,1218,-824,-0.676518883415,Under Capacity,0,2022/11/10 00:00:00+00,730883.53515625,3644.58129077884
81,4,BAYSIDE 6TH GRADE CAMPUS,4722 Jericho Road,23462,BAYSIDE 6TH GRADE CAMPUS,8/18/2021,& GPIN 14783097280000,GPIN 14783097280000 Assessed 32800 July 09 - PUMP STATION SITE,14783073120000 & 14783097280000, ,District 4,NW, ,1957, ,CIP 1-233 Replacement,Project Start FY 13/14,56516,2021-2022, ,1957, , ,1992/GYM, ,1995,1988,Bayside,1.428,1.256,0.880,Yes, ,14783073120000,12173784.84,3480462.6786,4994.21695877301,4722,JERICHO,RD, ,0,564788.839,14783073120000,4722, ,23462,R7.5, , ,501,216,2702,0581,40, ,19.6,MS,MB6,2,40,0115,14783073120000,810771.052609,18.6127422546,565430.857402,JERICHO,RD, , ,041003,0410032,0,INDEPENDENCE, ,ARAGONA VILLAGE 13 AC,1555900,4284200,1555900,ARAGONA ELEMENTARY SCHOOL,4722 JERICHO RD,VIRGINIA BEACH,VA,23462-2226,706,000000000000000,000000000000000,1957, ,55,14783073120000,5840100,318,350,-28,-0.08,At Capacity,1,2022/11/10 00:00:00+00,810771.05078125,4994.2169588126
82,48,LINKHORN PARK ES,977 First Colonial Road,23454,LINKHORN PARK ELEMENTARY SCHOOL,8/18/2021,& GPIN 24086113940000,GPIN 24086113940000 Assessed 1208700 July 09,24086211840000 & 24086113940000, ,District 6,NE,Math and Science,1998,1955,Replacement, ,76285,2021-2022, ,1955,1998, , , , , ,Great Neck,1.000,0.297,0.297,No, ,24086211840000,12206159.043,3481714.0455,4159.75078979257,977,FIRST COLONIAL,RD, ,0,421509.692,24086211840000,977, ,23454,R15, , ,3477,493,238,0021,50, ,20.3,ES,ELP,4,50,0330,24086211840000,696187.354605,15.9822625024,421536.06192,FIRST COLONIAL,RD, , ,044402,0444023,0,FIRST COLONIAL RD, ,LINKHORN BAY 9.6752 ACRES MORE OR LESS,1161300,10668400,1161300,SCHOOL BOARD CITY OF VIRGINIA ETC,1017 CATON DR,VIRGINIA BEACH,VA,23454-3162,706,000000000000000,000000000000000,1998, ,55,24086211840000,11829700,512,508,4,0.00787401574803,At Capacity,0,2022/11/10 00:00:00+00,696187.359375,4159.75078989021
83,69,PUPIL TRANSPORTATION SERVICES MAINTENANCE FACILITY,1677 Harpers Road,23454,PUPIL TRANSPORTATION SERVICES MAINTENANCE FACILITY,8/18/2021, , ,24058748090000,from On-Line,District 5,SE, ,2011,1977,CIP 1-078 Replacement,"Const Start Spring 2009, Move-In Fall 2010",85853,2021-2022, ,1977,2011, , ,Platinum, , ,Courthouse / Sandbridge, , , ,No, ,24058748090000,12208400.074,3457892.3926,3936.10572409318,1677,HARPERS,RD, ,0,11588045.489, , , , , , , , , , , , , ,12.15,ADM,APT,1,60,1677,24058748090000,856746.340606,19.6681896374,856746.340606, , , , , , , , , , ,0,0,0, , , , , , , , , , , , ,0,0,0,0,0, ,0,,856746.3515625,3936.10578196289
84,16,CORPORATE LANDING ANNEX,"1568 Corporate Landing Parkway, Suite 200",23454,CORPORATE LANDING ANNEX,8/18/2021, , ,24152614750000, ,District 5,SE, ,2007,1937,Replacement, ,131680,2021-2022, ,2007,2007, , , , , ,Courthouse / Sandbridge, , , ,No, ,24152614750000,12212150.885,3456495.3788,3259.57506798048,1568,CORPORATE LANDING,PKWY, ,0,426730.904,24152614750000,1568, ,23454,AG1, , ,3170,112,261,0034,60, ,18,ADM,CCL,1,60,1568,24152614750000,426728.396113,9.79633599892,426728.396113,CORPORATE LANDING,PKWY, , ,045408,0454083,0,GENERAL BOOTH, ,PAR RD1 CORP.LANDING P AR RD2-B 9.7968 ACRES BY PLAT,587800,8110000,587800,SCHOOL BOARD OF CITY OF VA. BEACH, , ,VA,-,706,000000000000000,000000000000000,2011, ,45,24152614750000,8697800,0,0,0,0, ,0,,426728.328125,3259.57492701708
85,58,OCEANA SCHOOL BUS OVERFLOW PARKING LOT,1612 New York Avenue,23454,OCEANA BUS GARAGE,8/18/2021, , ,24079407720000, ,District 6,NE, , ,1960, , ,0,2021-2022, ,1960, , , , , , ,Great Neck, , , ,No, ,24079407720000,12209046.833,3474726.1498,1674.39382429453,121,WEST,LN, ,0,149063.302,24079407720000,121, ,23454,R5D, , ,323,610,119,0020,60, ,0,ADM,AOB,4,60,1612,24079407720000,149062.562486,3.4220055667,149062.562486,WEST,LN, , ,044806,0448062,0,SOUTH FIRST COLONIAL ROAD, ,OCEANA BK 4 3.317 AC,677600,360700,677600,CITY OF VIRGINIA BEACH SCHOOL ETC,121 WEST LN,VIRGINIA BEACH,VA,23454,703,000000000000000,000000000000000,1960, ,45,24079407720000,1038300,0,0,0,0, ,0,,149062.546875,1674.39401528249
86,63,PLAZA ANNEX,641 Carriage Hill Road,23452,PLAZA ANNEX,8/18/2021, , ,14961674560000,Last Year ES: 2008-2009 with 414 student Capacity,District 3,SE, ,1961, , , ,118788,2021-2022, ,1961, ,2018,"1990/GYM, 1982/GYM",Under Construction,1995,"1999, 2003/KIT",Holland,1.048,0.604,0.576,Yes, ,14961674560000,12191827.082,3466401.076,3376.47304700177,641,CARRIAGE HILL,RD, ,100,649155.416,14961674560000,641, ,23452,R7.5, , ,0,0,0,0,30, ,8.83,ADM,EPZ,1,30,0480,14961674560000,649151.658278,14.902471494,649151.658278,CARRIAGE HILL,RD,200, ,045415,0454151,0,LYNNHAVEN PKWY, ,LYNNHAVEN 14.8 AC,1634500,5022700,1634500,PLAZA ELEMENTARY SCHOOL,641 CARRIAGE HILL RD,VIRGINIA BEACH,VA,23452-6518,706,000000000000000,000000000000000,1961, ,55,14961674560000,6657200,0,0,0,0, ,0,,649151.71875,3376.47329384196
87,79,SCHOOL BOARD PROPERTY,400 Block of Birdneck Road,23451,SCHOOL BOARD PROPERTY,8/18/2021, , ,24175667060000, ,District 6,NE, ,NA,NA, , ,0,2021-2022, , , , , , , , ,Oceanfront, , , ,No, ,24175667060000,12215580.9,3476758.4601,242.848842053357, , , , ,0,3443.772,24175667060000, , , ,A12, , ,1534,121,2462,1056,60, ,0,ADM,CSB,4,60,4000,24175667060000,3443.76635066,0.0790579970307,3443.76635066, , , , ,044200,0442004, ,BIRDNECK RD, ,TERRAPIN HILL HOME PAR 2,1000,0,1000,SCHOOL BOARD CITY OF VIRGINIA ETC, , ,VA,-,703,000000000000000,000000000000000, , , , ,1000,0,0,0,0, ,0,,3443.75390625,242.848775465375
88,47,LAW ENFORCEMENT TRAINING CENTER,411 Integrity Way,23451,LAW ENFORCEMENT TRAINING CENTER,8/18/2021,THIS PROPERTY IS LEASED TO THE CITY OF VIRGINIA BEACH, ,24175700960000, ,District 6,NE, ,1952, , , ,52687,2021-2022, , , , ,1962/Gym, , , , , , , , , ,24175700960000,12215010.264,3477032.7744,3280.25829257927,411,INTEGRITY,WAY, ,0,348329.609,24175700960000,411, ,23451,A12, , ,777,141,058,0015,60, ,0,ADM,ALE,4,60,0411,24175700960000,348329.007961,7.99653369976,348329.007962,INTEGRITY,WAY, , ,044200,0442004,0,BIRDNECK RD, ,SEATACK PARCEL  8.26 ACS,957600,4841500,957600,CITY OF VIRGINIA BEACH,2401 COURTHOUSE DR,VIRGINIA BEACH,VA,23456-9120,703,000000000000000,000000000000000,1954, ,48,24175700960000,5799100,0,0,0,0, ,0,,348329.015625,3280.25829967823
89,46,LASKIN ROAD ANNEX,1413 Laskin Road,23451,LASKIN ROAD ANNEX,8/18/2021, , ,24171837720000, ,District 6,NE, ,1955, , , ,55470,2021-2022, ,1955, , ,"1960/10, 1982/GYM", ,2013/PARTIAL, ,Great Neck, , , ,No, ,24171837720000,12211362.283,3478801.8006,3560.77364060847,1413,LASKIN,RD, ,0,540696.141,24171837720000,1413, ,23451,A12, , ,359,33,036,0036,60, ,10,ADM,ALR,4,60,1413,24171837720000,540693.607077,12.4126172424,540693.607077,LASKIN,RD, , ,044805,0448051,0,LASKIN RD, ,OCEANA 12.429 AC,1489500,4010700,1489500,LINKHORN PARK ELEMENTARY,1413 LASKIN RD,VIRGINIA BEACH,VA,23451-6007,706,000000000000000,000000000000000,1955, ,55,24171837720000,5500200,0,0,0,0, ,0,,540693.68359375,3560.77363940842
90,96,HOLLAND ROAD ANNEX,2323 Holland Road,23453,HOLLAND ROAD ANNEX,8/18/2021, , ,14948485670000, ,District 2,SE, ,1962,1962,CIP 1-106 Replacement,"Project Start FY 11/12, Move-In FY 14/15",222571,2021-2022, ,1962, ,1993,"1967/15, 1996/21", ,1999,1995,Courthouse / Sandbridge,1.388,0.775,0.558,Yes,2012,14948485670000,12198868.51,3444619.7742,5166.34029093734,2323,HOLLAND,RD, ,0,1353899.623,14948485670000,2323, ,23453,AG1, , ,658,14,051,0017,70, ,16.95,ADM,AHA,1,70,2323,14948485670000,1353890.39697,31.0810467624,1353890.39697,HOLLAND,RD, , ,045422,0454221,0,HOLLAND, ,COURT HOUSE 32.413 ACS,1864900,14110900,1864900,KELLAM HIGH SCHOOL,2323 HOLLAND RD,VIRGINIA BEACH,VA,23453-3530,706,000000000000000,000000000000000,1962, ,55,14948485670000,15975800,0,0,0,0, ,0,,1353890.3046875,5166.34015814887
91,78,SCHOOL ADMINISTRATION BUILDING,2512 George Mason Drive,23456,SCHOOL ADMINISTRATION BUILDING,8/18/2021,PARTIAL SHARED WITH OTHER CITY USES, ,14947273780000 PARTIAL SHARED WITH OTHER CITY USES, ,District 2,SE, ,1977, , , ,62062,2021-2022, ,1977, , , , ,1999,2006,Courthouse / Sandbridge, , , ,No, ,14947273780000,12197733.427,3442355.0533,2047.9838248767,2509,COURTHOUSE,DR, ,0,313283.537,14947273780000,2501, ,23456,O2, , ,1483,241,119,0039,70, ,19.5,ADM,AAD,1,70,2512,14947273780000,265997.998083,6.10647378518,313281.336137,COURTHOUSE,DR, , ,045423,0454232,0,PRINCESS ANNE, ,COURTHOUSE ACRES 7.230 ACS,926100,5755700,926100,CITY OF VIRGINIA BEACH,4164 VIRGINIA BEACH BLVD,VIRGINIA BEACH,VA,23452-1762,703,000000000000000,000000000000000,1977, ,55,14947273780000,6681800,0,0,0,0, ,0,,265998.0234375,2047.98382489961
92,34,JUVENILE DETENTION CENTER EDUCATION PROGRAM,2533 George Mason Drive,23456,VIRGINIA BEACH JUVENILE DETENTION CENTER EDUCATION PROGRAM,8/18/2021,PARTIAL SHARED WITH OTHER CITY USES, ,14946271010000 PARTIAL SHARED WITH OTHER CITY USES, ,District 2,SE, , , , , ,0,2021-2022, , , , , , , , ,Courthouse / Sandbridge, , , ,No, ,14946271010000,12196864.863,3442123.1325,2110.48995391113,2533,GEORGE MASON,DR, ,0,1009300.041,14946271010000,2569, ,23456,O2, , ,3698,954,305,0059,70, ,0,ALT,JDC,1,70,0J30,14946271010000,278392.860319,6.39102066848,1008760.17616,GEORGE MASON,DR, , ,045423,0454232,0,PRINCESS ANNE, ,PRINCESS ANNE COMMONS 1 PARCEL A-1 23.15712 ACS,4172800,10669100,4172800,CITY OF VIRGINIA BEACH,2401 COURTHOUSE DR,VIRGINIA BEACH,VA,23456-9120,703,000000000000000,000000000000000,2002, ,55,14946271010000,14841900,0,0,0,0, ,0,,278392.875,2110.48995391295
93,77,SCHOOL ADMINISTRATION ANNEX,2435 Princess Anne Road,23456,SCHOOL ADMINISTRATION ANNEX,8/18/2021,PARTIAL SHARED WITH OTHER CITY USES, ,14948266580000 PARTIAL SHARED WITH OTHER CITY USES, ,District 2,SE, ,1985, , , ,7628,2021-2022, ,1995, , , , , , ,Courthouse / Sandbridge, , , ,No, ,14948266580000,12198867.599,3442726.6592,770.653000876939,2449,PRINCESS ANNE,RD, ,0,1036004.335,14948266580000,2372, ,23456,O2, , ,1269,579,199,0096,70, ,0,ADM,AAS,1,70,2435,14948266580000,36472.0445253,0.83728293217,1035997.15568,MATTAPONI,RD, , ,045423,0454232,0,PRINCESS ANNE, ,COURTHOUSE 23.867 ACS,5180000,25474900,5180000,CITY OF VIRGINIA BEACH,2401 COURTHOUSE DR,VIRGINIA BEACH,VA,23456-9120,703,000000000000000,000000000000000,1985, ,55,14948266580000,30654900,0,0,0,0, ,0,,36472.0546875,770.653000922783
94,25,GLENWOOD BUS GARAGE,2201 Round Hill Drive,23464,GLENWOOD BUS GARAGE,8/18/2021,PARTIAL SHARED WITH GLENWOOD ES, ,14754031760000 PARTIAL SHARED WITH GLENWOOD ES, ,District 7,SW, ,1991, ,, ,9816,2021-2022, ,1991, , ,2010, , ,,Kempsville,, , ,No, ,14754031760000,12174398.159,3450192.1022,2031.75130422685,2213,ROUND HILL,DR, ,0,1073312.809,14754031760000,2213, ,23464,R10, , ,4372,295,2791,0647,10, ,13.5,ADM,AGB,3,10,2201,14754031760000,243631.634812,5.59301273673,1073305.21611,ROUND HILL,DR, , ,046216,0462163,0,INDIAN RIVER,GLENWOOD,GUM SWAMP 24.451 ACS BY PLAT,2956800,15118900,2956800,SCHOOL BOARD CITY OF VIRGINIA ETC,2512 GEORGE MASON DR,VIRGINIA BEACH,VA,23456-9105,706,000000000000000,000000000000000,1988, ,55,14754031760000,18075700,0,0,0,0, ,0,,243631.6171875,2031.75130423936
95,85,TECH AND CAREER ED CENTER,2925 North Landing Road,23456,TECHNICAL AND CAREER EDUCATION CENTER,8/18/2021,PARTIAL SHARED WITH NORTH LANDING ES, ,14934708440000 PARTIAL SHARED WITH NORTH LANDING ES, ,District 2,SE, ,1972, , , ,121872,2021-2022, ,1972, , ,, ,"1993, 2008",1999,Courthouse / Sandbridge,1.021,0.645,0.631,No, ,14934708440000,12193686.797,3439027.9408,3221.63530956283,2925,NORTH LANDING,RD, ,0,1743357.555,14934708440000,2925, ,23456,PDH1, , ,1152,492,1152,0495,70, ,15.83,ALT,HTC,1,70,0650,14934708440000,630280.73718,14.4692547562,1743638.01087,NORTH LANDING,RD, , ,045423,0454233,0,PRINCESS ANNE, ,N LANDING RD 40 AC,4916400,12843200,4916400,SCHOOL BOARD CITY OF VIRGINIA ETC,2925 N LANDING RD,VIRGINIA BEACH,VA,23456-2405,706,000000000000000,000000000000000,1975, ,55,14934708440000,17759600,0,0,0,0, ,2,,630280.73046875,3221.63530961579
96,1,ADVANCED TECHNOLOGY CENTER,1800 College Crescent,23453,ADVANCED TECHNOLOGY CENTER,8/18/2021,PARTIAL SHARED WITH TCC, ,14855422730000 PARTIAL SHARED WITH TCC, ,District 10,SE, ,2002, , , ,137190,2021-2022, ,2002, , , , , , ,Holland, , , ,No, ,14855422730000,12186093.958,3453947.9565,3155.30082010496,1700,COLLEGE,CRES, ,0,5000519.254,14855422730000,1800, ,23453,P1, , ,1265,766,108,0030,10, ,0,ALT,HAT,1,10,1048,14855422730000,430437.799389,9.88149218066,5000486.41059,COLLEGE,CRES,I, ,045406,0454064,0,PRINCESS ANNE, ,GREEN RUN FARM 115.035 AC,3259300,93183400,3259300,ST BOARD FOR COMMUNITY COLLEGES,1700 COLLEGE CRES,VIRGINIA BEACH,VA,23453-1918,712,000000000000000,000000000000000,1973, ,55,14855422730000,96442700,0,0,0,0, ,0,,430437.80078125,3155.30082014269
97,13,CLASSROOM ON THE MALL,4554 Virginia Beach Blvd. Suite 950,23462,CLASSROOM ON THE MALL,8/18/2021,& GPIN 14775620340000 LEASED SPACE, ,14774673210000 & 14775620340000 LEASED SPACE, ,District 3,NW, , , , , ,7485,2021-2022, , , , , , , , ,Bayside, , , ,No, ,14775620340000,12175004.936,3475767.8026,940.816688504392,4554,VIRGINIA BEACH,BLVD, ,820,1584325.488,14775620340000,4564, ,23462,CBC, , , , , , ,40, ,0,ALT,COM,2,40,4554,14774673210000,34465.0406082,0.79120846208,1171198.76225,VIRGINIA BEACH,BLVD, , ,041003,0410034,0,Shopping Center - Anchored, ,PEMBROKE PARCEL 2-D 26.684 AC,23725200,11716200,23725200,PEMBROKE SQUARE ASSOCIATES LLC,4433 CORPORATION LN STE 250,VIRGINIA BEACH,VA,23462-3355,402,20140501000380260,20111017001064270,1965, ,45,14775620340000,35441400,0,0,0,0, ,0,,34465.05078125,940.816688641809
98,0,BROCK ENVIRONMENTAL CENTER,3663 Marlin Bay Dr,23455,BROCK ENVIRONMENTAL CENTER, , , ,14895733610000, ,District 9, , , , , , ,0, , , , , , , , , , , , , , , , , , , , , , , ,0,0, , , , , , , , , , , , , , ,ALT,HBC, , ,3663, ,0,0,0, , , , , , , , , , ,0,0,0, , , , , , , , , , , , ,0,0,0,0,0, ,0,,4758.23046875,276.401832512488
